language	iso_code	gloss	global_id	local_id	transcription	cognate_class	notes
WAGAU	bzh	I	1209	1	keh	1	
MAPOS	bzh	I	1209	1	sa	1	
MANGA	mmo	I	1209	1	sa	1	
PATEP	ptp	I	1209	1	ah	1	
KUMARU	ksl	I	1209	1	aey	1	
ZENAG	zeg	I	1209	1	ah	1	
TOWANGARA	goc	I	1209	1	ha	1	
SAMBIO	tbx	I	1209	1	ai	1	
DAMBI	dac	I	1209	1	aiy	1	
PIU	pix	I	1209	1	a	1	
BUASI	val	I	1209	1	sa	1	
LATEP	zeg	I	1209	1	ay	1	
DUNGUNTUNG	mpl	I	1209	1	ciyi	1	
DANGAL	mcy	I	1209	1	ca	1	
SILISILI	mpl	I	1209	1	ciyi	1	
BUBWAF	mpl	I	1209	1	cio	1	
DAGIN	lbq	I	1209	1	Eja	1	
AZERA	adz	I	1209	1	zi	1	
WAMPAR	lbq	I	1209	1	eca7	1	
SIRAK	srf	I	1209	1	wi	3	
GUWOT	gve	I	1209	1	ahi	1	
DUWET	gve	I	1209	1	ahe7	1	
MUSOM	msu	I	1209	1	wir	3	
SUKURUM	zsu	I	1209	1	si	1	
SIRASIRA	zsa	I	1209	1	si	1	
MARALANGO	mcy	I	1209	1	si7ya	1	
WAMPUR	waz	I	1209	1	ci	1	
MARI	hob	I	1209	1	ci	1	
ONANK	una	I	1209	1	iyo7	1	
YAROS	adz	I	1209	1	ci	1	
AMARI	adz	I	1209	1	ci	1	
LABU	lbu	I	1209	1	7ae	1	
BUKAUA	buk	I	1209	1	au	1	
KELA	kcl	I	1209	1	kia	1	
KAIWA	kbm	I	1209	1	aiyew	1	
SIPOMA	sij	I	1209	1	woya	1	
HOTE	hot	I	1209	1	yah	1	
YAMAP	ymp	I	1209	1	ya	1	
JABEM	jae	I	1209	1	ae	1	
TAMI	tmy	I	1209	1	yau	1	
MALASANGA	mqz	I	1209	1	oo	1	
GITUA	ggt	I	1209	1	yau	1	
LUKEP	apr	I	1209	1	au	1	
MANGAP	mna	I	1209	1	5o	4	
BARIM	bbv	I	1209	1	au	1	
MUTU	tuc	I	1209	1	yau	1	
TUAM	tuc	I	1209	1	yau	1	
SIO	xsi	I	1209	1	kuka	5	
NENGAYA	met	I	1209	1	naba	11	
ROINJI	roe	I	1209	1	na7a	11	
ARAWE	aaw	I	1209	1	wan	6	
MALEU	mgl	I	1209	1	yum	7	
NAKANAI	nak	I	1209	1	Eau	1	
HALIA	hla	I	1209	1	alia	8	
GEDAGED	gdd	I	1209	1	Na	13	
WAGAU	bzh	come	1446	66	lam	1	
MAPOS	bzh	come	1446	66	yam	1	
MANGA	mmo	come	1446	66	naram	1	
PATEP	ptp	come	1446	66	lam	1	
KUMARU	ksl	come	1446	66	lam	1	
ZENAG	zeg	come	1446	66	lam	1	
TOWANGARA	goc	come	1446	66	lam	1	
SAMBIO	tbx	come	1446	66	ram	1	
DAMBI	dac	come	1446	66	lam	1	
PIU	pix	come	1446	66	yam	1	
BUASI	val	come	1446	66	nam	1	
LATEP	zeg	come	1446	66	lom	1	
DUNGUNTUNG	mpl	come	1446	66	yapa	2	
DANGAL	mcy	come	1446	66	mayaka7	2	
SILISILI	mpl	come	1446	66	leyaph~a	2	
BUBWAF	mpl	come	1446	66	yoko	2	
DAGIN	lbq	come	1446	66	eyama	1	
AZERA	adz	come	1446	66	badan	14	
WAMPAR	lbq	come	1446	66	yoma7	1	
SIRAK	srf	come	1446	66	Nika	9	
GUWOT	gve	come	1446	66	muyE	10	
DUWET	gve	come	1446	66	muya	10	
MUSOM	msu	come	1446	66	kwa	9	
SUKURUM	zsu	come	1446	66	takokeba	22	
SIRASIRA	zsa	come	1446	66	woba	14	
MARALANGO	mcy	come	1446	66	yaka7	2	
WAMPUR	waz	come	1446	66	giba	14	
MARI	hob	come	1446	66	waba7	14	
ONANK	una	come	1446	66	yo7o7	24	
YAROS	adz	come	1446	66	giba	14	
AMARI	adz	come	1446	66	ba	14	
LABU	lbu	come	1446	66	Name	4	
BUKAUA	buk	come	1446	66	me	4	
KELA	kcl	come	1446	66	mbo	5	
KAIWA	kbm	come	1446	66	eNgenme	4	
SIPOMA	sij	come	1446	66	eima	6	
HOTE	hot	come	1446	66	halim	1	
YAMAP	ymp	come	1446	66	hElim	1	
JABEM	jae	come	1446	66	meN	7	
TAMI	tmy	come	1446	66	kulam	1	
MALASANGA	mqz	come	1446	66	imako	11	
GITUA	ggt	come	1446	66	lam	1	
LUKEP	apr	come	1446	66	imani	12	
MANGAP	mna	come	1446	66	imax	12	
BARIM	bbv	come	1446	66	ima	12	
MUTU	tuc	come	1446	66	inima7	12	
TUAM	tuc	come	1446	66	ulam	1	
SIO	xsi	come	1446	66	imolo	13	
NENGAYA	met	come	1446	66	nalo	13	
ROINJI	roe	come	1446	66	ma7a	12	
ARAWE	aaw	come	1446	66	waimE	15	
MALEU	mgl	come	1446	66	imai	16	
NAKANAI	nak	come	1446	66	gomai	16	
HALIA	hla	come	1446	66	lanama	1	
GEDAGED	gdd	come	1446	66	iso	23	
WAGAU	bzh	one	1493	11	ti	1	
MAPOS	bzh	one	1493	11	ti	1	
MANGA	mmo	one	1493	11	ti	1	
PATEP	ptp	one	1493	11	ti	1	
KUMARU	ksl	one	1493	11	timbEnd3N	1	
ZENAG	zeg	one	1493	11	ti	1	
TOWANGARA	goc	one	1493	11	ti	1	
SAMBIO	tbx	one	1493	11	tig3mu	1	
DAMBI	dac	one	1493	11	ti	1	
PIU	pix	one	1493	11	tika	1	
BUASI	val	one	1493	11	timu	1	
LATEP	zeg	one	1493	11	tika	1	
DUNGUNTUNG	mpl	one	1493	11	moroc	3	
DANGAL	mcy	one	1493	11	taNkanaNk	3	
SILISILI	mpl	one	1493	11	moroc	3	
BUBWAF	mpl	one	1493	11	moroc	3	
DAGIN	lbq	one	1493	11	oroc	3	
AZERA	adz	one	1493	11	bic	4	
WAMPAR	lbq	one	1493	11	oroc	3	
SIRAK	srf	one	1493	11	alus	3	
GUWOT	gve	one	1493	11	taine	10	
DUWET	gve	one	1493	11	taine	10	
MUSOM	msu	one	1493	11	munut	11	
SUKURUM	zsu	one	1493	11	misadon	21	
SIRASIRA	zsa	one	1493	11	taNguo	21	
MARALANGO	mcy	one	1493	11	takanaNk	3	
WAMPUR	waz	one	1493	11	bisaN7ua	4	
MARI	hob	one	1493	11	pisinta7	4	
ONANK	una	one	1493	11	bi7ic	4	
YAROS	adz	one	1493	11	bisinta	4	
AMARI	adz	one	1493	11	bisinta	4	
LABU	lbu	one	1493	11	togwato	5	
BUKAUA	buk	one	1493	11	tigEN	1	
KELA	kcl	one	1493	11	tiaNo	1	
KAIWA	kbm	one	1493	11	doNke	6	
SIPOMA	sij	one	1493	11	sEsEmi	7	
HOTE	hot	one	1493	11	tom	8	
YAMAP	ymp	one	1493	11	tom	8	
JABEM	jae	one	1493	11	tagEN	1	
TAMI	tmy	one	1493	11	taitu	10	
MALASANGA	mqz	one	1493	11	emoN	13	
GITUA	ggt	one	1493	11	Ez	14	
LUKEP	apr	one	1493	11	ta	10	
MANGAP	mna	one	1493	11	ta	10	
BARIM	bbv	one	1493	11	atu	10	
MUTU	tuc	one	1493	11	eze	14	
TUAM	tuc	one	1493	11	taloko	15	
SIO	xsi	one	1493	11	timuN	1	
NENGAYA	met	one	1493	11	tainina7	10	
ROINJI	roe	one	1493	11	tenina	10	
ARAWE	aaw	one	1493	11	nor3geNEn	16	
MALEU	mgl	one	1493	11	kiabolem	17	
NAKANAI	nak	one	1493	11	isa	10	
HALIA	hla	one	1493	11	toa	22	
GEDAGED	gdd	one	1493	11	taimon	1	
WAGAU	bzh	mountain	639	86	kundu	1	
MAPOS	bzh	mountain	639	86	k3ndu	1	
MANGA	mmo	mountain	639	86	kandu	1	
PATEP	ptp	mountain	639	86	k3ton	1	
KUMARU	ksl	mountain	639	86	katony	1	
ZENAG	zeg	mountain	639	86	k3tun	1	
TOWANGARA	goc	mountain	639	86	k3tun	1	
SAMBIO	tbx	mountain	639	86	lukandu	1	
DAMBI	dac	mountain	639	86	luk3ndu	1	
PIU	pix	mountain	639	86	baNgwu7atuN	1	
BUASI	val	mountain	639	86	kunduh	1	
LATEP	zeg	mountain	639	86	luk3tun	1	
DUNGUNTUNG	mpl	mountain	639	86	subuntu	22	
DANGAL	mcy	mountain	639	86	su	22	
SILISILI	mpl	mountain	639	86	subunth~u	22	
BUBWAF	mpl	mountain	639	86	subuntu	22	
DAGIN	lbq	mountain	639	86	momoa	2	
AZERA	adz	mountain	639	86	mamai	2	
WAMPAR	lbq	mountain	639	86	momoa	2	
SIRAK	srf	mountain	639	86	sun	11	
GUWOT	gve	mountain	639	86	logelain	12	
DUWET	gve	mountain	639	86	logelain	12	
MUSOM	msu	mountain	639	86	sun	11	
SUKURUM	zsu	mountain	639	86	Nun	26	
SIRASIRA	zsa	mountain	639	86	Nun	26	
MARALANGO	mcy	mountain	639	86	Zaremp	30	
WAMPUR	waz	mountain	639	86	ururia	24	
MARI	hob	mountain	639	86	NoriN	28	
ONANK	una	mountain	639	86	ruNg	27	
YAROS	adz	mountain	639	86	mamai	2	
AMARI	adz	mountain	639	86	mamai	2	
LABU	lbu	mountain	639	86	ndji	3	
BUKAUA	buk	mountain	639	86	ru7	4	
KELA	kcl	mountain	639	86	bah	5	
KAIWA	kbm	mountain	639	86	rai	6	
SIPOMA	sij	mountain	639	86	bou	7	
HOTE	hot	mountain	639	86	li	8	
YAMAP	ymp	mountain	639	86	dum	9	
JABEM	jae	mountain	639	86	lo7	4	
TAMI	tmy	mountain	639	86	gbau	7	
MALASANGA	mqz	mountain	639	86	orona	13	
GITUA	ggt	mountain	639	86	bonaNga	14	
LUKEP	apr	mountain	639	86	kawal	15	
MANGAP	mna	mountain	639	86	awal	15	
BARIM	bbv	mountain	639	86	kawal	15	
MUTU	tuc	mountain	639	86	loloz	16	
TUAM	tuc	mountain	639	86	loloz	16	
SIO	xsi	mountain	639	86	tu	1	
NENGAYA	met	mountain	639	86	uru7una	4	
ROINJI	roe	mountain	639	86	gorogari	25	
ARAWE	aaw	mountain	639	86	Elit	17	
MALEU	mgl	mountain	639	86	nalolo	16	
NAKANAI	nak	mountain	639	86	gobE	18	
HALIA	hla	mountain	639	86	pokus	19	
GEDAGED	gdd	mountain	639	86	did	22	
WAGAU	bzh	sun	1343	72	mENkaxEN	1	
MAPOS	bzh	sun	1343	72	5eNk	1	
MANGA	mmo	sun	1343	72	takume	2	
PATEP	ptp	sun	1343	72	heyop	3	
KUMARU	ksl	sun	1343	72	yob	3	
ZENAG	zeg	sun	1343	72	heyub	3	
TOWANGARA	goc	sun	1343	72	yub	3	
SAMBIO	tbx	sun	1343	72	sayeb	4	
DAMBI	dac	sun	1343	72	yob	3	
PIU	pix	sun	1343	72	bEsak	5	
BUASI	val	sun	1343	72	siyEb	4	
LATEP	zeg	sun	1343	72	iyub	3	
DUNGUNTUNG	mpl	sun	1343	72	suy	6	
DANGAL	mcy	sun	1343	72	suak	6	
SILISILI	mpl	sun	1343	72	suwi	6	
BUBWAF	mpl	sun	1343	72	suok	6	
DAGIN	lbq	sun	1343	72	S3u	7	
AZERA	adz	sun	1343	72	gubu7	10	
WAMPAR	lbq	sun	1343	72	su	7	
SIRAK	srf	sun	1343	72	siwuk	7	
GUWOT	gve	sun	1343	72	siEnt	14	
DUWET	gve	sun	1343	72	siEn	14	
MUSOM	msu	sun	1343	72	siu	7	
SUKURUM	zsu	sun	1343	72	gubuak	10	
SIRASIRA	zsa	sun	1343	72	marak	29	
MARALANGO	mcy	sun	1343	72	suak	6	
WAMPUR	waz	sun	1343	72	gubua7	10	
MARI	hob	sun	1343	72	gubuak	10	
ONANK	una	sun	1343	72	suwo7	6	
YAROS	adz	sun	1343	72	bugua7	30	
AMARI	adz	sun	1343	72	gubu7	10	
LABU	lbu	sun	1343	72	7a	5	
BUKAUA	buk	sun	1343	72	7a7	8	
KELA	kcl	sun	1343	72	yawasa	9	
KAIWA	kbm	sun	1343	72	7as matanu	8	
SIPOMA	sij	sun	1343	72	yabEra	9	
HOTE	hot	sun	1343	72	wak	6	
YAMAP	ymp	sun	1343	72	wakh~	6	
JABEM	jae	sun	1343	72	o7	11	
TAMI	tmy	sun	1343	72	kat	15	
MALASANGA	mqz	sun	1343	72	sinaNa	16	
GITUA	ggt	sun	1343	72	lawaNa	17	
LUKEP	apr	sun	1343	72	sool	18	
MANGAP	mna	sun	1343	72	col	18	
BARIM	bbv	sun	1343	72	keu	7	
MUTU	tuc	sun	1343	72	dag	13	
TUAM	tuc	sun	1343	72	az	19	
SIO	xsi	sun	1343	72	kari	20	
NENGAYA	met	sun	1343	72	aicap	19	
ROINJI	roe	sun	1343	72	kaizap	19	
ARAWE	aaw	sun	1343	72	isn3NmEdE7	16	
MALEU	mgl	sun	1343	72	newaro	21	
NAKANAI	nak	sun	1343	72	laharo	21	
HALIA	hla	sun	1343	72	pitala	22	
GEDAGED	gdd	sun	1343	72	ad	19	
WAGAU	bzh	star	1430	74	mbEtuN	1	
MAPOS	bzh	star	1430	74	mb3tux3N	1	
MANGA	mmo	star	1430	74	matam	2	
PATEP	ptp	star	1430	74	p3tuwah	1	
KUMARU	ksl	star	1430	74	b3lin	3	
ZENAG	zeg	star	1430	74	b3tuwaN	1	
TOWANGARA	goc	star	1430	74	pEtuwa	1	
SAMBIO	tbx	star	1430	74	b3tum	1	
DAMBI	dac	star	1430	74	b3linik	3	
PIU	pix	star	1430	74	bElEN	3	
BUASI	val	star	1430	74	mb3tuin	1	
LATEP	zeg	star	1430	74	bo7tooN	1	
DUNGUNTUNG	mpl	star	1430	74	Nantam	11	
DANGAL	mcy	star	1430	74	waswasi	5	
SILISILI	mpl	star	1430	74	kose	6	
BUBWAF	mpl	star	1430	74	kose7	6	
DAGIN	lbq	star	1430	74	Narumarec	4	
AZERA	adz	star	1430	74	Nantam	11	
WAMPAR	lbq	star	1430	74	Naromarec	4	
SIRAK	srf	star	1430	74	domalis	4	
GUWOT	gve	star	1430	74	domarais	4	
DUWET	gve	star	1430	74	damalais	4	
MUSOM	msu	star	1430	74	damarin	4	
SUKURUM	zsu	star	1430	74	tambinan	23	
SIRASIRA	zsa	star	1430	74	tifitu	1	
MARALANGO	mcy	star	1430	74	kwase	6	
WAMPUR	waz	star	1430	74	rumantaN	22	
MARI	hob	star	1430	74	wantuaN	22	
ONANK	una	star	1430	74	wasi7	5	
YAROS	adz	star	1430	74	Nantam	11	
AMARI	adz	star	1430	74	Nantam	11	
LABU	lbu	star	1430	74	ta	7	
BUKAUA	buk	star	1430	74	tata	7	
KELA	kcl	star	1430	74	damani	4	
KAIWA	kbm	star	1430	74	piteukawe	1	
SIPOMA	sij	star	1430	74	gitimana	9	
HOTE	hot	star	1430	74	puliN	3	
YAMAP	ymp	star	1430	74	motup	10	
JABEM	jae	star	1430	74	uti	12	
TAMI	tmy	star	1430	74	biti	1	
MALASANGA	mqz	star	1430	74	boi	18	
GITUA	ggt	star	1430	74	pitium	1	
LUKEP	apr	star	1430	74	kimai	17	
MANGAP	mna	star	1430	74	piti7	1	
BARIM	bbv	star	1430	74	geu	15	
MUTU	tuc	star	1430	74	pitum	1	
TUAM	tuc	star	1430	74	pitum	1	
SIO	xsi	star	1430	74	pitu	1	
NENGAYA	met	star	1430	74	hatuN	1	
ROINJI	roe	star	1430	74	patuN	1	
ARAWE	aaw	star	1430	74	Emti7	8	
MALEU	mgl	star	1430	74	naputom	1	
NAKANAI	nak	star	1430	74	matatabu	7	
HALIA	hla	star	1430	74	pitopito	1	
GEDAGED	gdd	star	1430	74	patui	1	
WAGAU	bzh	water	948	75	ruk	1	
MAPOS	bzh	water	948	75	mbel	2	
MANGA	mmo	water	948	75	mber	2	
PATEP	ptp	water	948	75	mia	3	
KUMARU	ksl	water	948	75	min	3	
ZENAG	zeg	water	948	75	my~EaN	3	
TOWANGARA	goc	water	948	75	mE	3	
SAMBIO	tbx	water	948	75	mEmiN	3	
DAMBI	dac	water	948	75	min	3	
PIU	pix	water	948	75	mbi	6	
BUASI	val	water	948	75	kotok	5	
LATEP	zeg	water	948	75	mEyoN	3	
DUNGUNTUNG	mpl	water	948	75	bo7	4	
DANGAL	mcy	water	948	75	mbu7	4	
SILISILI	mpl	water	948	75	ph~o	4	
BUBWAF	mpl	water	948	75	po7	4	
DAGIN	lbq	water	948	75	po7	4	
AZERA	adz	water	948	75	mpui	4	
WAMPAR	lbq	water	948	75	po7	4	
SIRAK	srf	water	948	75	bu	4	
GUWOT	gve	water	948	75	mbei	6	
DUWET	gve	water	948	75	bei	6	
MUSOM	msu	water	948	75	bu	4	
SUKURUM	zsu	water	948	75	pui	4	
SIRASIRA	zsa	water	948	75	pui	4	
MARALANGO	mcy	water	948	75	mbo7	4	
WAMPUR	waz	water	948	75	poi	4	
MARI	hob	water	948	75	pui7	4	
ONANK	una	water	948	75	mpu7	4	
YAROS	adz	water	948	75	pui	4	
AMARI	adz	water	948	75	pui	4	
LABU	lbu	water	948	75	pu	4	
BUKAUA	buk	water	948	75	buh	4	
KELA	kcl	water	948	75	are	7	
KAIWA	kbm	water	948	75	bui	4	
SIPOMA	sij	water	948	75	tina	8	
HOTE	hot	water	948	75	NaN	9	
YAMAP	ymp	water	948	75	anaN	9	
JABEM	jae	water	948	75	bu	4	
TAMI	tmy	water	948	75	lan	11	
MALASANGA	mqz	water	948	75	ran	11	
GITUA	ggt	water	948	75	yau	12	
LUKEP	apr	water	948	75	ran	11	
MANGAP	mna	water	948	75	yok	13	
BARIM	bbv	water	948	75	ran	11	
MUTU	tuc	water	948	75	ya7	15	
TUAM	tuc	water	948	75	ya	15	
SIO	xsi	water	948	75	lo	14	
NENGAYA	met	water	948	75	laN	9	
ROINJI	roe	water	948	75	laN	9	
ARAWE	aaw	water	948	75	enuN	9	
MALEU	mgl	water	948	75	nakh~o	16	
NAKANAI	nak	water	948	75	lalu	17	
HALIA	hla	water	948	75	ramu3n	18	
GEDAGED	gdd	water	948	75	naz	22	
WAGAU	bzh	two	1498	12	lu	1	
MAPOS	bzh	two	1498	12	lu	1	
MANGA	mmo	two	1498	12	yuh	1	
PATEP	ptp	two	1498	12	yu	1	
KUMARU	ksl	two	1498	12	yu	1	
ZENAG	zeg	two	1498	12	yu	1	
TOWANGARA	goc	two	1498	12	o	5	
SAMBIO	tbx	two	1498	12	yu	1	
DAMBI	dac	two	1498	12	yu	1	
PIU	pix	two	1498	12	lu	1	
BUASI	val	two	1498	12	uy	1	
LATEP	zeg	two	1498	12	yow	1	
DUNGUNTUNG	mpl	two	1498	12	sela	2	
DANGAL	mcy	two	1498	12	suruk	2	
SILISILI	mpl	two	1498	12	sEro	2	
BUBWAF	mpl	two	1498	12	SErok	2	
DAGIN	lbq	two	1498	12	cErok	2	
AZERA	adz	two	1498	12	iru7	1	
WAMPAR	lbq	two	1498	12	selok	2	
SIRAK	srf	two	1498	12	siluk	2	
GUWOT	gve	two	1498	12	seik	2	
DUWET	gve	two	1498	12	seik	2	
MUSOM	msu	two	1498	12	seruk	2	
SUKURUM	zsu	two	1498	12	lEluk	1	
SIRASIRA	zsa	two	1498	12	irukiruk	10	
MARALANGO	mcy	two	1498	12	sirok	2	
WAMPUR	waz	two	1498	12	iru7iru7	10	
MARI	hob	two	1498	12	irukaNkua7	10	
ONANK	una	two	1498	12	siru7	2	
YAROS	adz	two	1498	12	iru7	2	
AMARI	adz	two	1498	12	irurun	2	
LABU	lbu	two	1498	12	salu	2	
BUKAUA	buk	two	1498	12	luh	1	
KELA	kcl	two	1498	12	rua	1	
KAIWA	kbm	two	1498	12	ailu	1	
SIPOMA	sij	two	1498	12	lua	1	
HOTE	hot	two	1498	12	yu	1	
YAMAP	ymp	two	1498	12	zi	3	
JABEM	jae	two	1498	12	luage7	1	
TAMI	tmy	two	1498	12	lu	1	
MALASANGA	mqz	two	1498	12	rua	1	
GITUA	ggt	two	1498	12	rua	1	
LUKEP	apr	two	1498	12	ru	1	
MANGAP	mna	two	1498	12	ru	1	
BARIM	bbv	two	1498	12	ru	1	
MUTU	tuc	two	1498	12	ru	1	
TUAM	tuc	two	1498	12	ru	1	
SIO	xsi	two	1498	12	rua	1	
NENGAYA	met	two	1498	12	rua7	1	
ROINJI	roe	two	1498	12	lua	1	
ARAWE	aaw	two	1498	12	3noEp	6	
MALEU	mgl	two	1498	12	lua	1	
NAKANAI	nak	two	1498	12	ilua	1	
HALIA	hla	two	1498	12	huol	1	
GEDAGED	gdd	two	1498	12	azu	1	
WAGAU	bzh	stone	857	77	NgalaN	1	
MAPOS	bzh	stone	857	77	Ng3loN	1	
MANGA	mmo	stone	857	77	tatuh	2	
PATEP	ptp	stone	857	77	Nandax	3	
KUMARU	ksl	stone	857	77	landax	3	
ZENAG	zeg	stone	857	77	b3ndax	3	
TOWANGARA	goc	stone	857	77	N3ndax	3	
SAMBIO	tbx	stone	857	77	kakos	4	
DAMBI	dac	stone	857	77	landax	3	
PIU	pix	stone	857	77	toub	5	
BUASI	val	stone	857	77	NgoroN	1	
LATEP	zeg	stone	857	77	bondog	3	
DUNGUNTUNG	mpl	stone	857	77	tauf	5	
DANGAL	mcy	stone	857	77	bath~ap	6	
SILISILI	mpl	stone	857	77	tauf	5	
BUBWAF	mpl	stone	857	77	loNg	20	
DAGIN	lbq	stone	857	77	cEru	7	
AZERA	adz	stone	857	77	tauf	5	
WAMPAR	lbq	stone	857	77	salu	10	
SIRAK	srf	stone	857	77	saok	12	
GUWOT	gve	stone	857	77	daNk	13	
DUWET	gve	stone	857	77	daNk	13	
MUSOM	msu	stone	857	77	saut	12	
SUKURUM	zsu	stone	857	77	sakof	23	
SIRASIRA	zsa	stone	857	77	saguf	23	
MARALANGO	mcy	stone	857	77	batap	6	
WAMPUR	waz	stone	857	77	tauh	5	
MARI	hob	stone	857	77	sakuak	23	
ONANK	una	stone	857	77	fauf	5	
YAROS	adz	stone	857	77	tauf	5	
AMARI	adz	stone	857	77	tauf	5	
LABU	lbu	stone	857	77	hu	8	
BUKAUA	buk	stone	857	77	ho7	8	
KELA	kcl	stone	857	77	loi	9	
KAIWA	kbm	stone	857	77	pat	6	
SIPOMA	sij	stone	857	77	wati	6	
HOTE	hot	stone	857	77	balu	10	
YAMAP	ymp	stone	857	77	balu	10	
JABEM	jae	stone	857	77	po7	22	
TAMI	tmy	stone	857	77	pa7	6	
MALASANGA	mqz	stone	857	77	pat	6	
GITUA	ggt	stone	857	77	maito	14	
LUKEP	apr	stone	857	77	pat	6	
MANGAP	mna	stone	857	77	pat	6	
BARIM	bbv	stone	857	77	pat	6	
MUTU	tuc	stone	857	77	yam	15	
TUAM	tuc	stone	857	77	mait	14	
SIO	xsi	stone	857	77	mira	16	
NENGAYA	met	stone	857	77	siaN	22	
ROINJI	roe	stone	857	77	siaN	22	
ARAWE	aaw	stone	857	77	oukh~um	18	
MALEU	mgl	stone	857	77	napoth~	6	
NAKANAI	nak	stone	857	77	labati	6	
HALIA	hla	stone	857	77	hatu	2	
GEDAGED	gdd	stone	857	77	pat	6	
WAGAU	bzh	night	1233	92	pEtak	1	
MAPOS	bzh	night	1233	92	mbuk	3	
MANGA	mmo	night	1233	92	mbusin	3	
PATEP	ptp	night	1233	92	mbu7En	3	
KUMARU	ksl	night	1233	92	bubu5En	3	
ZENAG	zeg	night	1233	92	map3to7	1	
TOWANGARA	goc	night	1233	92	p3tok	1	
SAMBIO	tbx	night	1233	92	bakEN	4	
DAMBI	dac	night	1233	92	mbuk	3	
PIU	pix	night	1233	92	baNkwaNcu	5	
BUASI	val	night	1233	92	mbo7in	3	
LATEP	zeg	night	1233	92	gwombo7	3	
DUNGUNTUNG	mpl	night	1233	92	yao	6	
DANGAL	mcy	night	1233	92	borofu	7	
SILISILI	mpl	night	1233	92	yauN	6	
BUBWAF	mpl	night	1233	92	yao	6	
DAGIN	lbq	night	1233	92	sEfo7	8	
AZERA	adz	night	1233	92	iziaN	9	
WAMPAR	lbq	night	1233	92	sefo	8	
SIRAK	srf	night	1233	92	lEmEk	15	
GUWOT	gve	night	1233	92	miyok	16	
DUWET	gve	night	1233	92	miEk	16	
MUSOM	msu	night	1233	92	mikim	16	
SUKURUM	zsu	night	1233	92	filaf	26	
SIRASIRA	zsa	night	1233	92	sifu7	8	
MARALANGO	mcy	night	1233	92	birefo7	7	
WAMPUR	waz	night	1233	92	maru7	24	
MARI	hob	night	1233	92	mikwon	25	
ONANK	una	night	1233	92	diyauN	9	
YAROS	adz	night	1233	92	sifu	8	
AMARI	adz	night	1233	92	nam sifu	8	
LABU	lbu	night	1233	92	pisi	9	
BUKAUA	buk	night	1233	92	ubwi	10	
KELA	kcl	night	1233	92	kizi	9	
KAIWA	kbm	night	1233	92	tambok	3	
SIPOMA	sij	night	1233	92	towambana	11	
HOTE	hot	night	1233	92	bulupuN	12	
YAMAP	ymp	night	1233	92	bilibuN	12	
JABEM	jae	night	1233	92	gebe7	13	
TAMI	tmy	night	1233	92	buN	12	
MALASANGA	mqz	night	1233	92	boN	12	
GITUA	ggt	night	1233	92	doroman	17	
LUKEP	apr	night	1233	92	bol	18	
MANGAP	mna	night	1233	92	biN	19	
BARIM	bbv	night	1233	92	boN	12	
MUTU	tuc	night	1233	92	boN	12	
TUAM	tuc	night	1233	92	boN	12	
SIO	xsi	night	1233	92	mbo	3	
NENGAYA	met	night	1233	92	yomboN	12	
ROINJI	roe	night	1233	92	kiroma	17	
ARAWE	aaw	night	1233	92	Emlik	20	
MALEU	mgl	night	1233	92	naboN	12	
NAKANAI	nak	night	1233	92	laligi	21	
HALIA	hla	night	1233	92	boN	12	
GEDAGED	gdd	night	1233	92	bo	3	
WAGAU	bzh	fire	221	82	kalE	1	
MAPOS	bzh	fire	221	82	n3Nwax	2	
MANGA	mmo	fire	221	82	kin	3	
PATEP	ptp	fire	221	82	Nwax	2	
KUMARU	ksl	fire	221	82	Nwax	2	
ZENAG	zeg	fire	221	82	Nyax	2	
TOWANGARA	goc	fire	221	82	5ak	2	
SAMBIO	tbx	fire	221	82	nE5Ex	2	
DAMBI	dac	fire	221	82	Nwax	2	
PIU	pix	fire	221	82	na	2	
BUASI	val	fire	221	82	n3NEx	2	
LATEP	zeg	fire	221	82	5ag	2	
DUNGUNTUNG	mpl	fire	221	82	seNo	5	
DANGAL	mcy	fire	221	82	suma	4	
SILISILI	mpl	fire	221	82	siNo	5	
BUBWAF	mpl	fire	221	82	suNgo7	5	
DAGIN	lbq	fire	221	82	jif	6	
AZERA	adz	fire	221	82	zaf	6	
WAMPAR	lbq	fire	221	82	cif	6	
SIRAK	srf	fire	221	82	sif	6	
GUWOT	gve	fire	221	82	sia	6	
DUWET	gve	fire	221	82	sia	6	
MUSOM	msu	fire	221	82	cih	6	
SUKURUM	zsu	fire	221	82	lokoi	15	
SIRASIRA	zsa	fire	221	82	saf	6	
MARALANGO	mcy	fire	221	82	somoa7	4	
WAMPUR	waz	fire	221	82	cah	6	
MARI	hob	fire	221	82	zah	6	
ONANK	una	fire	221	82	yo7	6	
YAROS	adz	fire	221	82	caf	6	
AMARI	adz	fire	221	82	caf	6	
LABU	lbu	fire	221	82	ya	6	
BUKAUA	buk	fire	221	82	yah	6	
KELA	kcl	fire	221	82	iya	6	
KAIWA	kbm	fire	221	82	yEp	6	
SIPOMA	sij	fire	221	82	yawi	6	
HOTE	hot	fire	221	82	7atum	4	
YAMAP	ymp	fire	221	82	amela	8	
JABEM	jae	fire	221	82	ya	6	
TAMI	tmy	fire	221	82	ya7	6	
MALASANGA	mqz	fire	221	82	ei	9	
GITUA	ggt	fire	221	82	yap	6	
LUKEP	apr	fire	221	82	ei	9	
MANGAP	mna	fire	221	82	you	6	
BARIM	bbv	fire	221	82	ei	9	
MUTU	tuc	fire	221	82	yob	6	
TUAM	tuc	fire	221	82	yab	6	
SIO	xsi	fire	221	82	yo	6	
NENGAYA	met	fire	221	82	yap	6	
ROINJI	roe	fire	221	82	yap	6	
ARAWE	aaw	fire	221	82	3uku3n	3	
MALEU	mgl	fire	221	82	nariNa	7	
NAKANAI	nak	fire	221	82	lahabi	10	
HALIA	hla	fire	221	82	tula	11	
GEDAGED	gdd	fire	221	82	ja	6	
WAGAU	bzh	we (excl.)	1212	3	aei	1	exclusive
MAPOS	bzh	we (excl.)	1212	3	xE	2	exclusive
MANGA	mmo	we (excl.)	1212	3	xey	2	exclusive
PATEP	ptp	we (excl.)	1212	3	il	3	exclusive
KUMARU	ksl	we (excl.)	1212	3	iy	3	exclusive
ZENAG	zeg	we (excl.)	1212	3	xol	4	exclusive
TOWANGARA	goc	we (excl.)	1212	3	xol	4	exclusive
SAMBIO	tbx	we (excl.)	1212	3	ga	5	exclusive
DAMBI	dac	we (excl.)	1212	3	xE	2	exclusive
PIU	pix	we (excl.)	1212	3	yE	1	exclusive
BUASI	val	we (excl.)	1212	3	7i	3	exclusive
LATEP	zeg	we (excl.)	1212	3	ga	5	exclusive
DUNGUNTUNG	mpl	we (excl.)	1212	3	kagam	4	exclusive
DANGAL	mcy	we (excl.)	1212	3	kh~ani	5	exclusive
SILISILI	mpl	we (excl.)	1212	3	kh~aga	4	exclusive
BUBWAF	mpl	we (excl.)	1212	3	kaga	4	exclusive
DAGIN	lbq	we (excl.)	1212	3	yaga	4	exclusive
AZERA	adz	we (excl.)	1212	3	aga	4	exclusive
WAMPAR	lbq	we (excl.)	1212	3	yagai	4	exclusive
SIRAK	srf	we (excl.)	1212	3	si	13	exclusive
GUWOT	gve	we (excl.)	1212	3	aindaNk	14	exclusive
SUKURUM	zsu	we (excl.)	1212	3	agisa sukulum tak	27	exclusive
MARALANGO	mcy	we (excl.)	1212	3	kaga7	4	exclusive
WAMPUR	waz	we (excl.)	1212	3	agararuNmalaN7	26	exclusive
MARI	hob	we (excl.)	1212	3	ogai	4	exclusive
ONANK	una	we (excl.)	1212	3	ompirino7	28	exclusive
YAROS	adz	we (excl.)	1212	3	agi	4	exclusive
AMARI	adz	we (excl.)	1212	3	agai	4	exclusive
LABU	lbu	we (excl.)	1212	3	7Emaha	6	exclusive
BUKAUA	buk	we (excl.)	1212	3	ama7	7	exclusive
KELA	kcl	we (excl.)	1212	3	kara	8	exclusive
KAIWA	kbm	we (excl.)	1212	3	eitit	9	exclusive
SIPOMA	sij	we (excl.)	1212	3	i	3	exclusive
HOTE	hot	we (excl.)	1212	3	alololoklo	10	exclucive
YAMAP	ymp	we (excl.)	1212	3	au	11	exclucive
TAMI	tmy	we (excl.)	1212	3	git	15	exclucive
MALASANGA	mqz	we (excl.)	1212	3	om	7	exclusive
GITUA	ggt	we (excl.)	1212	3	yei	1	exclusive
NENGAYA	met	we (excl.)	1212	3	aNba	25	exclusive
ROINJI	roe	we (excl.)	1212	3	am	27	exclusive
ARAWE	aaw	we (excl.)	1212	3	yEm	16	exclusive
MALEU	mgl	we (excl.)	1212	3	yEm	16	exclusive
NAKANAI	nak	we (excl.)	1212	3	etatou	17	exclusive
HALIA	hla	we (excl.)	1212	3	alam	18	exclusive
GEDAGED	gdd	we (excl.)	1212	3	am	7	exclusive
WAGAU	bzh	dog	2009	21	ana	1	
MAPOS	bzh	dog	2009	21	ano	1	
MANGA	mmo	dog	2009	21	bow	1	
PATEP	ptp	dog	2009	21	no	1	
KUMARU	ksl	dog	2009	21	nou	1	
ZENAG	zeg	dog	2009	21	nau	1	
TOWANGARA	goc	dog	2009	21	Na	1	
SAMBIO	tbx	dog	2009	21	nou	1	
DAMBI	dac	dog	2009	21	nau	1	
PIU	pix	dog	2009	21	nduwo	3	
BUASI	val	dog	2009	21	nay	1	
LATEP	zeg	dog	2009	21	naw	1	
DUNGUNTUNG	mpl	dog	2009	21	kh~iyam	4	
DANGAL	mcy	dog	2009	21	kh~iam	4	
SILISILI	mpl	dog	2009	21	kh~iyim	4	
BUBWAF	mpl	dog	2009	21	tiom	4	
DAGIN	lbq	dog	2009	21	ijum	4	
AZERA	adz	dog	2009	21	iyam	4	
WAMPAR	lbq	dog	2009	21	ijum	4	
SIRAK	srf	dog	2009	21	kom	4	
GUWOT	gve	dog	2009	21	yain	7	
DUWET	gve	dog	2009	21	yEn	7	
MUSOM	msu	dog	2009	21	kom	4	
SUKURUM	zsu	dog	2009	21	kiam	4	
SIRASIRA	zsa	dog	2009	21	kiam	4	
MARALANGO	mcy	dog	2009	21	kiam	4	
WAMPUR	waz	dog	2009	21	iyam	4	
MARI	hob	dog	2009	21	kiam	4	
ONANK	una	dog	2009	21	iyam	4	
YAROS	adz	dog	2009	21	iyam	4	
AMARI	adz	dog	2009	21	iyam	4	
LABU	lbu	dog	2009	21	iya	4	
BUKAUA	buk	dog	2009	21	iyam	4	
KELA	kcl	dog	2009	21	kia	4	
KAIWA	kbm	dog	2009	21	ubun	5	
SIPOMA	sij	dog	2009	21	kiyami	4	
HOTE	hot	dog	2009	21	apuN	5	
YAMAP	ymp	dog	2009	21	abum	5	
JABEM	jae	dog	2009	21	keam	4	
TAMI	tmy	dog	2009	21	koun	8	
MALASANGA	mqz	dog	2009	21	gaune	8	
GITUA	ggt	dog	2009	21	kiam	4	
LUKEP	apr	dog	2009	21	goul	8	
MANGAP	mna	dog	2009	21	mE	9	
BARIM	bbv	dog	2009	21	gaun	8	
MUTU	tuc	dog	2009	21	labul	10	
TUAM	tuc	dog	2009	21	gabul	10	
SIO	xsi	dog	2009	21	bomba	12	
NENGAYA	met	dog	2009	21	koma	4	
ROINJI	roe	dog	2009	21	koma	4	
ARAWE	aaw	dog	2009	21	l3mganEsNo	13	
MALEU	mgl	dog	2009	21	nagaune	14	
NAKANAI	nak	dog	2009	21	lapaia	15	
HALIA	hla	dog	2009	21	muki	16	
GEDAGED	gdd	dog	2009	21	gaun	8	
WAGAU	bzh	louse	1392	22	th~a	1	
MAPOS	bzh	louse	1392	22	pon3N	2	
MANGA	mmo	louse	1392	22	ponaN	2	
PATEP	ptp	louse	1392	22	tah	1	
KUMARU	ksl	louse	1392	22	ndo7	4	
ZENAG	zeg	louse	1392	22	th~a	1	
TOWANGARA	goc	louse	1392	22	bobil	3	
SAMBIO	tbx	louse	1392	22	ta	1	
DAMBI	dac	louse	1392	22	ndok	4	
PIU	pix	louse	1392	22	tah	1	
BUASI	val	louse	1392	22	tanon	1	
LATEP	zeg	louse	1392	22	ta	1	
DUNGUNTUNG	mpl	louse	1392	22	oyi7	15	
DANGAL	mcy	louse	1392	22	gul	5	
SILISILI	mpl	louse	1392	22	gor	5	
BUBWAF	mpl	louse	1392	22	gol	5	
DAGIN	lbq	louse	1392	22	gor	5	
AZERA	adz	louse	1392	22	irimbuN	18	
WAMPAR	lbq	louse	1392	22	gol	5	
SIRAK	srf	louse	1392	22	gwatatak	1	
GUWOT	gve	louse	1392	22	et	9	
DUWET	gve	louse	1392	22	oit	9	
MUSOM	msu	louse	1392	22	ur	5	
SUKURUM	zsu	louse	1392	22	lan	17	
SIRASIRA	zsa	louse	1392	22	lindit	16	
MARALANGO	mcy	louse	1392	22	gor	5	
WAMPUR	waz	louse	1392	22	gur	5	
MARI	hob	louse	1392	22	gur	5	
ONANK	una	louse	1392	22	gur	5	
YAROS	adz	louse	1392	22	gur	5	
AMARI	adz	louse	1392	22	risiyan	19	
LABU	lbu	louse	1392	22	kuruku	5	
BUKAUA	buk	louse	1392	22	tum	6	
KELA	kcl	louse	1392	22	zoh	4	
KAIWA	kbm	louse	1392	22	tum	6	
SIPOMA	sij	louse	1392	22	tuma	6	
HOTE	hot	louse	1392	22	nu	7	
YAMAP	ymp	louse	1392	22	lum	6	
JABEM	jae	louse	1392	22	tom	6	
TAMI	tmy	louse	1392	22	tum	6	
MALASANGA	mqz	louse	1392	22	kut	12	
GITUA	ggt	louse	1392	22	lezat	11	
LUKEP	apr	louse	1392	22	kut	12	
MANGAP	mna	louse	1392	22	kut	12	
BARIM	bbv	louse	1392	22	kut	12	
MUTU	tuc	louse	1392	22	tum	6	
TUAM	tuc	louse	1392	22	tum	6	
SIO	xsi	louse	1392	22	kutu	12	
NENGAYA	met	louse	1392	22	girok	5	
ROINJI	roe	louse	1392	22	utu	12	
ARAWE	aaw	louse	1392	22	auguth~	12	
MALEU	mgl	louse	1392	22	nagine	13	
NAKANAI	nak	louse	1392	22	lautu	12	
HALIA	hla	louse	1392	22	utu	12	
GEDAGED	gdd	louse	1392	22	ut	12	
WAGAU	bzh	tree	906	23	kolE	1	
MAPOS	bzh	tree	906	23	k3lE	1	
MANGA	mmo	tree	906	23	xax	2	
PATEP	ptp	tree	906	23	3xax	2	
KUMARU	ksl	tree	906	23	xax	2	
ZENAG	zeg	tree	906	23	xax	2	
TOWANGARA	goc	tree	906	23	ak	2	
SAMBIO	tbx	tree	906	23	gag	2	
DAMBI	dac	tree	906	23	gag	2	
PIU	pix	tree	906	23	ga	2	
BUASI	val	tree	906	23	xax	2	
LATEP	zeg	tree	906	23	gag	2	
DUNGUNTUNG	mpl	tree	906	23	gy~a7	2	
DANGAL	mcy	tree	906	23	dia7	2	
SILISILI	mpl	tree	906	23	ga7	2	
BUBWAF	mpl	tree	906	23	ga7	2	
DAGIN	lbq	tree	906	23	orok	3	
AZERA	adz	tree	906	23	gai	2	
WAMPAR	lbq	tree	906	23	orok	3	
SIRAK	srf	tree	906	23	yo	5	
GUWOT	gve	tree	906	23	a	2	
DUWET	gve	tree	906	23	a	2	
MUSOM	msu	tree	906	23	leb	6	
SUKURUM	zsu	tree	906	23	kukwap	13	
SIRASIRA	zsa	tree	906	23	gai	2	
MARALANGO	mcy	tree	906	23	ga7	2	
WAMPUR	waz	tree	906	23	gai	2	
MARI	hob	tree	906	23	gai	2	
ONANK	una	tree	906	23	ga7	2	
YAROS	adz	tree	906	23	gai	2	
AMARI	adz	tree	906	23	gai	2	
LABU	lbu	tree	906	23	7a	2	
BUKAUA	buk	tree	906	23	7ah	2	
KELA	kcl	tree	906	23	7ai	2	
KAIWA	kbm	tree	906	23	ey	2	
SIPOMA	sij	tree	906	23	ai	2	
HOTE	hot	tree	906	23	arokwaN	3	
YAMAP	ymp	tree	906	23	alokwaN	3	
JABEM	jae	tree	906	23	ka	2	
TAMI	tmy	tree	906	23	kai	2	
MALASANGA	mqz	tree	906	23	kai	2	
GITUA	ggt	tree	906	23	ai7	2	
LUKEP	apr	tree	906	23	kai	2	
MANGAP	mna	tree	906	23	ky~e	2	
BARIM	bbv	tree	906	23	kai	2	
MUTU	tuc	tree	906	23	ai	2	
TUAM	tuc	tree	906	23	ai	2	
SIO	xsi	tree	906	23	k3e	2	
NENGAYA	met	tree	906	23	ai	2	
ROINJI	roe	tree	906	23	kai	2	
ARAWE	aaw	tree	906	23	Eke	7	
MALEU	mgl	tree	906	23	nai	2	
NAKANAI	nak	tree	906	23	obu	8	
HALIA	hla	tree	906	23	roei	9	
GEDAGED	gdd	tree	906	23	ja	5	
WAGAU	bzh	leaf	628	25	upu	14	
MAPOS	bzh	leaf	628	25	ris	1	
MANGA	mmo	leaf	628	25	ris	1	
PATEP	ptp	leaf	628	25	lihi	1	
KUMARU	ksl	leaf	628	25	lis	1	
ZENAG	zeg	leaf	628	25	lEhe	1	
TOWANGARA	goc	leaf	628	25	go	2	
SAMBIO	tbx	leaf	628	25	lis	1	
DAMBI	dac	leaf	628	25	lis	1	
PIU	pix	leaf	628	25	7ko	2	
BUASI	val	leaf	628	25	ris	1	
LATEP	zeg	leaf	628	25	lE	2	
DUNGUNTUNG	mpl	leaf	628	25	naNkoc	2	
DANGAL	mcy	leaf	628	25	nu	3	
SILISILI	mpl	leaf	628	25	naNkoc	2	
BUBWAF	mpl	leaf	628	25	naNkoc	2	
DAGIN	lbq	leaf	628	25	yafan	4	
AZERA	adz	leaf	628	25	yafan	4	
WAMPAR	lbq	leaf	628	25	yafaN	4	
SIRAK	srf	leaf	628	25	ninon	8	
GUWOT	gve	leaf	628	25	niEn	8	
DUWET	gve	leaf	628	25	niEn	8	
MUSOM	msu	leaf	628	25	inon	8	
SUKURUM	zsu	leaf	628	25	yenam	14	
SIRASIRA	zsa	leaf	628	25	gayat	13	
MARALANGO	mcy	leaf	628	25	naNgoc	2	
WAMPUR	waz	leaf	628	25	cahan	4	
MARI	hob	leaf	628	25	yahan	4	
ONANK	una	leaf	628	25	naNkuc	2	
YAROS	adz	leaf	628	25	yafan	4	
AMARI	adz	leaf	628	25	yafan	4	
LABU	lbu	leaf	628	25	7alo	5	
BUKAUA	buk	leaf	628	25	NaruN	6	
KELA	kcl	leaf	628	25	NalauN	6	
KAIWA	kbm	leaf	628	25	lan	6	
SIPOMA	sij	leaf	628	25	lau	6	
HOTE	hot	leaf	628	25	Nau	6	
YAMAP	ymp	leaf	628	25	NauN	6	
JABEM	jae	leaf	628	25	NalauN	6	
TAMI	tmy	leaf	628	25	lau	6	
MALASANGA	mqz	leaf	628	25	rauna	6	
GITUA	ggt	leaf	628	25	rau	6	
LUKEP	apr	leaf	628	25	kadEne	9	
MANGAP	mna	leaf	628	25	runu	6	
BARIM	bbv	leaf	628	25	raun	6	
MUTU	tuc	leaf	628	25	rau	6	
TUAM	tuc	leaf	628	25	rau	6	
SIO	xsi	leaf	628	25	lao	6	
NENGAYA	met	leaf	628	25	ailoN	6	
ROINJI	roe	leaf	628	25	kailoN	6	
ARAWE	aaw	leaf	628	25	ininin	8	
MALEU	mgl	leaf	628	25	lolowa	10	
NAKANAI	nak	leaf	628	25	galalao	10	
HALIA	hla	leaf	628	25	kala	10	
GEDAGED	gdd	leaf	628	25	zaun	6	
WAGAU	bzh	skin	763	28	nabi	1	
MAPOS	bzh	skin	763	28	nabi	1	
MANGA	mmo	skin	763	28	nabi	1	
PATEP	ptp	skin	763	28	ni n3bi	1	
KUMARU	ksl	skin	763	28	ni nobi	1	
ZENAG	zeg	skin	763	28	nENk n3bE	1	
TOWANGARA	goc	skin	763	28	nin3bi	1	
SAMBIO	tbx	skin	763	28	nenabi	1	
DAMBI	dac	skin	763	28	ninabi	1	
PIU	pix	skin	763	28	nirampe	2	
BUASI	val	skin	763	28	njioNk	3	
LATEP	zeg	skin	763	28	nEm n3vE	1	
DUNGUNTUNG	mpl	skin	763	28	peyapEc	4	
DANGAL	mcy	skin	763	28	yiniNapa	6	
SILISILI	mpl	skin	763	28	lEnipEpEc	6	
BUBWAF	mpl	skin	763	28	lEne	6	
DAGIN	lbq	skin	763	28	renEt daNkan	6	
AZERA	adz	skin	763	28	rinin	6	
WAMPAR	lbq	skin	763	28	enegaNkan	6	
SIRAK	srf	skin	763	28	pupup	14	
GUWOT	gve	skin	763	28	dinain	6	
DUWET	gve	skin	763	28	ninikuruais	6	
MUSOM	msu	skin	763	28	kuwit	9	
SUKURUM	zsu	skin	763	28	siliniN	23	
SIRASIRA	zsa	skin	763	28	dinin	6	
MARALANGO	mcy	skin	763	28	sambec	4	
WAMPUR	waz	skin	763	28	riniabit	6	
MARI	hob	skin	763	28	dinibuit	6	
ONANK	una	skin	763	28	EbErE7	24	
YAROS	adz	skin	763	28	riniubit	6	
AMARI	adz	skin	763	28	rinin	6	
LABU	lbu	skin	763	28	nini	6	
BUKAUA	buk	skin	763	28	7uli7	9	
KELA	kcl	skin	763	28	masaro	10	
KAIWA	kbm	skin	763	28	ulis	9	
SIPOMA	sij	skin	763	28	boro	11	
HOTE	hot	skin	763	28	lEnpiN kupik	12	
YAMAP	ymp	skin	763	28	yakopik	12	
JABEM	jae	skin	763	28	Naoli	6	
TAMI	tmy	skin	763	28	kaokul	17	
MALASANGA	mqz	skin	763	28	tinina	6	
GITUA	ggt	skin	763	28	wili	8	
LUKEP	apr	skin	763	28	konono	18	
MANGAP	mna	skin	763	28	kulini	6	
BARIM	bbv	skin	763	28	tinin	6	
MUTU	tuc	skin	763	28	tinim	6	
TUAM	tuc	skin	763	28	tinim	6	
SIO	xsi	skin	763	28	karae	19	
NENGAYA	met	skin	763	28	saNga agwa	23	
ROINJI	roe	skin	763	28	tunima	9	
ARAWE	aaw	skin	763	28	iNom	5	
MALEU	mgl	skin	763	28	dind3	7	
NAKANAI	nak	skin	763	28	labobola	8	
HALIA	hla	skin	763	28	pikpikunEn	15	
GEDAGED	gdd	skin	763	28	siliNon	23	
WAGAU	bzh	blood	946	30	os	1	
MAPOS	bzh	blood	946	30	kok	2	
MANGA	mmo	blood	946	30	nixes	1	
PATEP	ptp	blood	946	30	he	3	
KUMARU	ksl	blood	946	30	7is	1	
ZENAG	zeg	blood	946	30	yohoh	4	
TOWANGARA	goc	blood	946	30	yo	4	
SAMBIO	tbx	blood	946	30	yes	1	
DAMBI	dac	blood	946	30	njand	5	
PIU	pix	blood	946	30	aso	6	
BUASI	val	blood	946	30	xEs	1	
LATEP	zeg	blood	946	30	yo	4	
DUNGUNTUNG	mpl	blood	946	30	wai7	1	
DANGAL	mcy	blood	946	30	waty~	1	
SILISILI	mpl	blood	946	30	wei7	1	
BUBWAF	mpl	blood	946	30	weit	1	
DAGIN	lbq	blood	946	30	bi	8	
AZERA	adz	blood	946	30	bi7	8	
WAMPAR	lbq	blood	946	30	bi7	8	
SIRAK	srf	blood	946	30	wek	1	
GUWOT	gve	blood	946	30	wiok	1	
DUWET	gve	blood	946	30	wiok	1	
MUSOM	msu	blood	946	30	weok	1	
SUKURUM	zsu	blood	946	30	buat	1	
SIRASIRA	zsa	blood	946	30	biak	1	
MARALANGO	mcy	blood	946	30	buek	1	
WAMPUR	waz	blood	946	30	boi7	1	
MARI	hob	blood	946	30	bwik	1	
ONANK	una	blood	946	30	uai7	6	
YAROS	adz	blood	946	30	bia7	12	
AMARI	adz	blood	946	30	bi7	12	
LABU	lbu	blood	946	30	ci	7	
BUKAUA	buk	blood	946	30	da7	9	
KELA	kcl	blood	946	30	NameseN	10	
KAIWA	kbm	blood	946	30	tuwerk	11	
SIPOMA	sij	blood	946	30	masina	10	
HOTE	hot	blood	946	30	lo7ma	12	
YAMAP	ymp	blood	946	30	lE7ma	13	
JABEM	jae	blood	946	30	dE7	9	
TAMI	tmy	blood	946	30	dal	9	
MALASANGA	mqz	blood	946	30	rarana	14	
GITUA	ggt	blood	946	30	siN	15	
LUKEP	apr	blood	946	30	rara	14	
MANGAP	mna	blood	946	30	siNini	15	
BARIM	bbv	blood	946	30	rar	14	
MUTU	tuc	blood	946	30	siN	15	
TUAM	tuc	blood	946	30	siN	15	
SIO	xsi	blood	946	30	se	16	
NENGAYA	met	blood	946	30	siwigwa	8	
ROINJI	roe	blood	946	30	sip	25	
ARAWE	aaw	blood	946	30	k3mlEko	17	
MALEU	mgl	blood	946	30	tepw3	18	
NAKANAI	nak	blood	946	30	kasosola	19	
HALIA	hla	blood	946	30	rEhariNnEn	20	
GEDAGED	gdd	blood	946	30	daz	9	
WAGAU	bzh	bone	1394	31	sEke	1	
MAPOS	bzh	bone	1394	31	s3ke	1	
MANGA	mmo	bone	1394	31	kok	2	
PATEP	ptp	bone	1394	31	lEn	3	
KUMARU	ksl	bone	1394	31	kanSe	4	
ZENAG	zeg	bone	1394	31	lEn	3	
TOWANGARA	goc	bone	1394	31	lEn	3	
SAMBIO	tbx	bone	1394	31	kanjE	4	
DAMBI	dac	bone	1394	31	kanZEk	4	
PIU	pix	bone	1394	31	aki	5	
BUASI	val	bone	1394	31	kanjE	4	
LATEP	zeg	bone	1394	31	k3nsE7	4	
DUNGUNTUNG	mpl	bone	1394	31	kwalo7	6	
DANGAL	mcy	bone	1394	31	kh~ansik	4	
SILISILI	mpl	bone	1394	31	kwaro	6	
BUBWAF	mpl	bone	1394	31	kwarok	6	
DAGIN	lbq	bone	1394	31	waro	6	
AZERA	adz	bone	1394	31	urun	12	
WAMPAR	lbq	bone	1394	31	walo	6	
SIRAK	srf	bone	1394	31	kwaluk	6	
GUWOT	gve	bone	1394	31	koalek	6	
DUWET	gve	bone	1394	31	kwalek	6	
MUSOM	msu	bone	1394	31	kwaruk	6	
SUKURUM	zsu	bone	1394	31	kamakal	23	
SIRASIRA	zsa	bone	1394	31	kurukuon	6	
MARALANGO	mcy	bone	1394	31	kanzek	4	
WAMPUR	waz	bone	1394	31	7uru7an	6	
MARI	hob	bone	1394	31	kurukwan	12	
ONANK	una	bone	1394	31	varu7	4	
YAROS	adz	bone	1394	31	uruwan	4	
AMARI	adz	bone	1394	31	urun	4	
LABU	lbu	bone	1394	31	7alugu	1	
BUKAUA	buk	bone	1394	31	Nakwa7	8	
KELA	kcl	bone	1394	31	Natuwa	8	
KAIWA	kbm	bone	1394	31	tulkwe	9	
SIPOMA	sij	bone	1394	31	tuatua	10	
HOTE	hot	bone	1394	31	lokwaN	11	
YAMAP	ymp	bone	1394	31	lokwaN	11	
JABEM	jae	bone	1394	31	Natekwa	8	
TAMI	tmy	bone	1394	31	katukatuk	10	
MALASANGA	mqz	bone	1394	31	turana	14	
GITUA	ggt	bone	1394	31	tua	10	
LUKEP	apr	bone	1394	31	turana	14	
MANGAP	mna	bone	1394	31	turoro	14	
BARIM	bbv	bone	1394	31	turan	14	
MUTU	tuc	bone	1394	31	tua7	10	
TUAM	tuc	bone	1394	31	tuak	10	
SIO	xsi	bone	1394	31	tuka	10	
NENGAYA	met	bone	1394	31	tuagwa	10	
ROINJI	roe	bone	1394	31	tuamcua	10	
ARAWE	aaw	bone	1394	31	kakai	15	
MALEU	mgl	bone	1394	31	boboir3	16	
NAKANAI	nak	bone	1394	31	tuhala	10	
HALIA	hla	bone	1394	31	CinunEn	17	
GEDAGED	gdd	bone	1394	31	tiwon	24	
WAGAU	bzh	new	1231	96	muwis	1	
MAPOS	bzh	new	1231	96	m3wis	1	
MANGA	mmo	new	1231	96	mos	1	
PATEP	ptp	new	1231	96	paha	3	
KUMARU	ksl	new	1231	96	pas	3	
ZENAG	zeg	new	1231	96	paha	3	
TOWANGARA	goc	new	1231	96	pah	3	
SAMBIO	tbx	new	1231	96	bako	3	
DAMBI	dac	new	1231	96	pas	3	
PIU	pix	new	1231	96	ph~ah	3	
BUASI	val	new	1231	96	nim3gus	1	
LATEP	zeg	new	1231	96	gwimboN	11	
DUNGUNTUNG	mpl	new	1231	96	wafa	3	
DANGAL	mcy	new	1231	96	wofokh~	3	
SILISILI	mpl	new	1231	96	wafa7	3	
BUBWAF	mpl	new	1231	96	wafak	3	
DAGIN	lbq	new	1231	96	wafu	3	
AZERA	adz	new	1231	96	fa7	3	
WAMPAR	lbq	new	1231	96	wafu	3	
SIRAK	srf	new	1231	96	wofok	3	
GUWOT	gve	new	1231	96	akein	6	
DUWET	gve	new	1231	96	akEn	6	
MUSOM	msu	new	1231	96	wahok	3	
SUKURUM	zsu	new	1231	96	fak	3	
SIRASIRA	zsa	new	1231	96	fak	3	
MARALANGO	mcy	new	1231	96	wafak	3	
WAMPUR	waz	new	1231	96	pisa	17	
MARI	hob	new	1231	96	hori	18	
ONANK	una	new	1231	96	woho7	3	
YAROS	adz	new	1231	96	fa7	3	
AMARI	adz	new	1231	96	fa7	3	
LABU	lbu	new	1231	96	hau7u	3	
BUKAUA	buk	new	1231	96	waku7	3	
KELA	kcl	new	1231	96	wauN	3	
KAIWA	kbm	new	1231	96	paku	3	
SIPOMA	sij	new	1231	96	wow	3	
HOTE	hot	new	1231	96	lukmuk	4	
YAMAP	ymp	new	1231	96	lE7mukh~	4	
JABEM	jae	new	1231	96	waku7	3	
TAMI	tmy	new	1231	96	upu	7	
MALASANGA	mqz	new	1231	96	pauna	8	
GITUA	ggt	new	1231	96	pagu	3	
LUKEP	apr	new	1231	96	pounu	8	
MANGAP	mna	new	1231	96	popoNana	10	
BARIM	bbv	new	1231	96	paun	8	
MUTU	tuc	new	1231	96	pagu	3	
TUAM	tuc	new	1231	96	pagu	3	
SIO	xsi	new	1231	96	woseki	3	
NENGAYA	met	new	1231	96	houna	8	
ROINJI	roe	new	1231	96	pauna	8	
ARAWE	aaw	new	1231	96	EteNEn	12	
MALEU	mgl	new	1231	96	pawa	8	
NAKANAI	nak	new	1231	96	halaba	13	
HALIA	hla	new	1231	96	Cimus	1	
GEDAGED	gdd	new	1231	96	faun	8	
WAGAU	bzh	name	1405	100	are	1	
MAPOS	bzh	name	1405	100	are	1	
MANGA	mmo	name	1405	100	xare	1	
PATEP	ptp	name	1405	100	rEh	1	
KUMARU	ksl	name	1405	100	lE	1	
ZENAG	zeg	name	1405	100	ri	1	
TOWANGARA	goc	name	1405	100	li	1	
SAMBIO	tbx	name	1405	100	le	1	
DAMBI	dac	name	1405	100	alENk	1	
PIU	pix	name	1405	100	oli	1	
BUASI	val	name	1405	100	rE	1	
LATEP	zeg	name	1405	100	lim	1	
DUNGUNTUNG	mpl	name	1405	100	beNa	2	
DANGAL	mcy	name	1405	100	binaNk	2	
SILISILI	mpl	name	1405	100	beNa	2	
BUBWAF	mpl	name	1405	100	benaNk	2	
DAGIN	lbq	name	1405	100	bENan	2	
AZERA	adz	name	1405	100	biNan	2	
WAMPAR	lbq	name	1405	100	beNan	2	
SIRAK	srf	name	1405	100	biNan	2	
GUWOT	gve	name	1405	100	yoin	6	
DUWET	gve	name	1405	100	muan	7	
MUSOM	msu	name	1405	100	biNon	2	
SUKURUM	zsu	name	1405	100	liNamgi3m	17	
SIRASIRA	zsa	name	1405	100	biNan	2	
MARALANGO	mcy	name	1405	100	beNa	2	
WAMPUR	waz	name	1405	100	biNan	2	
MARI	hob	name	1405	100	biNon	2	
ONANK	una	name	1405	100	biNu7	2	
YAROS	adz	name	1405	100	biNan	2	
AMARI	adz	name	1405	100	biNan	2	
LABU	lbu	name	1405	100	7apaNa	3	
BUKAUA	buk	name	1405	100	Na	20	
KELA	kcl	name	1405	100	Nase	20	
KAIWA	kbm	name	1405	100	are	1	
SIPOMA	sij	name	1405	100	ase	1	
HOTE	hot	name	1405	100	aliN	1	
YAMAP	ymp	name	1405	100	abEN	2	
JABEM	jae	name	1405	100	Nae	20	
TAMI	tmy	name	1405	100	it	8	
MALASANGA	mqz	name	1405	100	ena	19	
GITUA	ggt	name	1405	100	zeNan	20	
LUKEP	apr	name	1405	100	Ene	19	
MANGAP	mna	name	1405	100	zana	18	
BARIM	bbv	name	1405	100	En	19	
MUTU	tuc	name	1405	100	iza7	21	
TUAM	tuc	name	1405	100	eza	21	
SIO	xsi	name	1405	100	Na	10	
NENGAYA	met	name	1405	100	yanoa	22	
ROINJI	roe	name	1405	100	ya7ano	22	
ARAWE	aaw	name	1405	100	iom	9	
MALEU	mgl	name	1405	100	Epasis	10	
NAKANAI	nak	name	1405	100	isala	11	
HALIA	hla	name	1405	100	solo	11	
GEDAGED	gdd	name	1405	100	nean	16	
WAGAU	bzh	ear	1247	39	iNa	1	
MAPOS	bzh	ear	1247	39	n3Na	1	
MANGA	mmo	ear	1247	39	na5e	1	
PATEP	ptp	ear	1247	39	niNo	1	
KUMARU	ksl	ear	1247	39	5iNa ris	1	
ZENAG	zeg	ear	1247	39	n35aNk	1	
TOWANGARA	goc	ear	1247	39	5ali	2	
SAMBIO	tbx	ear	1247	39	nE5a ris	1	
DAMBI	dac	ear	1247	39	n35a lis	1	
PIU	pix	ear	1247	39	bEna aki	3	
BUASI	val	ear	1247	39	niNa	1	
LATEP	zeg	ear	1247	39	n35om	1	
DUNGUNTUNG	mpl	ear	1247	39	rENga	1	
DANGAL	mcy	ear	1247	39	liNantu	1	
SILISILI	mpl	ear	1247	39	lENga	1	
BUBWAF	mpl	ear	1247	39	lENgan	1	
DAGIN	lbq	ear	1247	39	naiNgEmpon	4	
AZERA	adz	ear	1247	39	riNan	1	
WAMPAR	lbq	ear	1247	39	nagEmpon	4	
SIRAK	srf	ear	1247	39	liNan	1	
GUWOT	gve	ear	1247	39	nogibEn	1	
DUWET	gve	ear	1247	39	noNgimbEn	1	
MUSOM	msu	ear	1247	39	liNagebun	1	
SUKURUM	zsu	ear	1247	39	liNan	1	
SIRASIRA	zsa	ear	1247	39	diNan	1	
MARALANGO	mcy	ear	1247	39	NareNa	1	
WAMPUR	waz	ear	1247	39	gain	13	
MARI	hob	ear	1247	39	diNan	1	
ONANK	una	ear	1247	39	tiNan	1	
YAROS	adz	ear	1247	39	riNan	1	
AMARI	adz	ear	1247	39	riNan	1	
LABU	lbu	ear	1247	39	naNa	1	
BUKAUA	buk	ear	1247	39	taNarauN	1	
KELA	kcl	ear	1247	39	tawaNgu	5	
KAIWA	kbm	ear	1247	39	taNilat	1	
SIPOMA	sij	ear	1247	39	taNanoa	1	
HOTE	hot	ear	1247	39	lENumbu	1	
YAMAP	ymp	ear	1247	39	yaliNbukh~	1	
JABEM	jae	ear	1247	39	taNa	1	
TAMI	tmy	ear	1247	39	aleNanlau	1	
MALASANGA	mqz	ear	1247	39	taNalana	1	
GITUA	ggt	ear	1247	39	taliNa	1	
LUKEP	apr	ear	1247	39	talana	1	
MANGAP	mna	ear	1247	39	talNana	1	
BARIM	bbv	ear	1247	39	talNan	1	
MUTU	tuc	ear	1247	39	talina7	1	
TUAM	tuc	ear	1247	39	tiliNa	1	
SIO	xsi	ear	1247	39	taNa	1	
NENGAYA	met	ear	1247	39	taNagu	1	
ROINJI	roe	ear	1247	39	taNleNamcua	1	
ARAWE	aaw	ear	1247	39	loNom	1	
MALEU	mgl	ear	1247	39	talNe	1	
NAKANAI	nak	ear	1247	39	lagabusala	7	
HALIA	hla	ear	1247	39	taliNanEn	1	
GEDAGED	gdd	ear	1247	39	taliNan	1	
WAGAU	bzh	eye	1248	40	mala	1	
MAPOS	bzh	eye	1248	40	mala	1	
MANGA	mmo	eye	1248	40	me	1	
PATEP	ptp	eye	1248	40	manon	1	
KUMARU	ksl	eye	1248	40	ma5on	1	
ZENAG	zeg	eye	1248	40	maNg3lEn	1	
TOWANGARA	goc	eye	1248	40	maNalu	1	
SAMBIO	tbx	eye	1248	40	mah	1	
DAMBI	dac	eye	1248	40	ma	1	
PIU	pix	eye	1248	40	maNganun	1	
BUASI	val	eye	1248	40	mamgarus	1	
LATEP	zeg	eye	1248	40	mam3nun	7	
DUNGUNTUNG	mpl	eye	1248	40	Namara nicu	1	
DANGAL	mcy	eye	1248	40	maraNgambu	1	
SILISILI	mpl	eye	1248	40	Namara	1	
BUBWAF	mpl	eye	1248	40	mara nicu	1	
DAGIN	lbq	eye	1248	40	morodijin	1	
AZERA	adz	eye	1248	40	maran	1	
WAMPAR	lbq	eye	1248	40	maranijin	1	
SIRAK	srf	eye	1248	40	molom	1	
GUWOT	gve	eye	1248	40	malam	1	
DUWET	gve	eye	1248	40	molan	1	
MUSOM	msu	eye	1248	40	momicin	6	
SUKURUM	zsu	eye	1248	40	malan	1	
SIRASIRA	zsa	eye	1248	40	maran	1	
MARALANGO	mcy	eye	1248	40	mara7	1	
WAMPUR	waz	eye	1248	40	amaran	1	
MARI	hob	eye	1248	40	maragara	1	
ONANK	una	eye	1248	40	maronicu7	1	
YAROS	adz	eye	1248	40	maran	1	
AMARI	adz	eye	1248	40	maran nicun	1	
LABU	lbu	eye	1248	40	maraho	1	
BUKAUA	buk	eye	1248	40	danuh	3	
KELA	kcl	eye	1248	40	tambwa	4	
KAIWA	kbm	eye	1248	40	matanu	1	
SIPOMA	sij	eye	1248	40	matana	1	
HOTE	hot	eye	1248	40	malENdaluk	1	
YAMAP	ymp	eye	1248	40	yamalEN	1	
JABEM	jae	eye	1248	40	mata	1	
TAMI	tmy	eye	1248	40	motanlu	1	
MALASANGA	mqz	eye	1248	40	matana	1	
GITUA	ggt	eye	1248	40	mata	1	
LUKEP	apr	eye	1248	40	matana	1	
MANGAP	mna	eye	1248	40	matana	1	
BARIM	bbv	eye	1248	40	matan	1	
MUTU	tuc	eye	1248	40	matam	1	
TUAM	tuc	eye	1248	40	mada	1	
SIO	xsi	eye	1248	40	mata	1	
NENGAYA	met	eye	1248	40	ma7a agwa	1	
ROINJI	roe	eye	1248	40	maramcua	1	
ARAWE	aaw	eye	1248	40	motomgabiu	1	
MALEU	mgl	eye	1248	40	aror3	8	
NAKANAI	nak	eye	1248	40	lamatala	1	
HALIA	hla	eye	1248	40	matanEn	1	
GEDAGED	gdd	eye	1248	40	malan	1	
WAGAU	bzh	nose	1221	41	nEru	1	
MAPOS	bzh	nose	1221	41	n3ru	1	
MANGA	mmo	nose	1221	41	naru	1	
PATEP	ptp	nose	1221	41	nEru	1	
KUMARU	ksl	nose	1221	41	5eru	1	
ZENAG	zeg	nose	1221	41	nuluNk	1	
TOWANGARA	goc	nose	1221	41	lElu	1	
SAMBIO	tbx	nose	1221	41	nElu	1	
DAMBI	dac	nose	1221	41	n3lu	1	
PIU	pix	nose	1221	41	b3lu	1	
BUASI	val	nose	1221	41	n3rum	1	
LATEP	zeg	nose	1221	41	nolom	1	
DUNGUNTUNG	mpl	nose	1221	41	so7	8	
DANGAL	mcy	nose	1221	41	suNk	8	
SILISILI	mpl	nose	1221	41	Naso	8	
BUBWAF	mpl	nose	1221	41	so7	8	
DAGIN	lbq	nose	1221	41	so danson	8	
AZERA	adz	nose	1221	41	yun	11	
WAMPAR	lbq	nose	1221	41	so nanCon	8	
SIRAK	srf	nose	1221	41	suN	8	
GUWOT	gve	nose	1221	41	sizein	7	
DUWET	gve	nose	1221	41	soin	7	
MUSOM	msu	nose	1221	41	suncigon	8	
SUKURUM	zsu	nose	1221	41	Nun	11	
SIRASIRA	zsa	nose	1221	41	Nun	11	
MARALANGO	mcy	nose	1221	41	so7	8	
WAMPUR	waz	nose	1221	41	cun	11	
MARI	hob	nose	1221	41	hohin	21	
ONANK	una	nose	1221	41	susu7aru7	23	
YAROS	adz	nose	1221	41	yun	11	
AMARI	adz	nose	1221	41	yun	11	
LABU	lbu	nose	1221	41	sahu	8	
BUKAUA	buk	nose	1221	41	teisuN	8	
KELA	kcl	nose	1221	41	siNgawa	2	
KAIWA	kbm	nose	1221	41	n3ruapu	1	
SIPOMA	sij	nose	1221	41	nisinoa	3	
HOTE	hot	nose	1221	41	hronaN	4	
YAMAP	ymp	nose	1221	41	yaduN	5	
JABEM	jae	nose	1221	41	lusu	8	
TAMI	tmy	nose	1221	41	nusiNgut	12	
MALASANGA	mqz	nose	1221	41	karuna	9	
GITUA	ggt	nose	1221	41	izuNgu	8	
LUKEP	apr	nose	1221	41	korum	9	
MANGAP	mna	nose	1221	41	kuzunu	8	
BARIM	bbv	nose	1221	41	kadun	9	
MUTU	tuc	nose	1221	41	uzub	8	
TUAM	tuc	nose	1221	41	uzu	8	
SIO	xsi	nose	1221	41	wigu	10	
NENGAYA	met	nose	1221	41	yuNa agwa	8	
ROINJI	roe	nose	1221	41	yugua	10	
ARAWE	aaw	nose	1221	41	iEnlo	13	
MALEU	mgl	nose	1221	41	band3	14	
NAKANAI	nak	nose	1221	41	lamaisula	15	
HALIA	hla	nose	1221	41	7EsnEn	16	
GEDAGED	gdd	nose	1221	41	win	22	
WAGAU	bzh	tooth	1380	43	n3bu	1	
MAPOS	bzh	tooth	1380	43	n3bu	1	
MANGA	mmo	tooth	1380	43	nabu	1	
PATEP	ptp	tooth	1380	43	n3bu	1	
KUMARU	ksl	tooth	1380	43	nibu	1	
ZENAG	zeg	tooth	1380	43	n3buNk	1	
TOWANGARA	goc	tooth	1380	43	lEbu	1	
SAMBIO	tbx	tooth	1380	43	nEbu	1	
DAMBI	dac	tooth	1380	43	n3bu	1	
PIU	pix	tooth	1380	43	b3bu	1	
BUASI	val	tooth	1380	43	n3bo	1	
LATEP	zeg	tooth	1380	43	n3vum	1	
DUNGUNTUNG	mpl	tooth	1380	43	gantu7	2	
DANGAL	mcy	tooth	1380	43	dy~EntuNk	2	
SILISILI	mpl	tooth	1380	43	ganth~u	2	
BUBWAF	mpl	tooth	1380	43	gontu	2	
DAGIN	lbq	tooth	1380	43	gEntuwavu	2	
AZERA	adz	tooth	1380	43	nifun	1	
WAMPAR	lbq	tooth	1380	43	gontiwalo7	2	
SIRAK	srf	tooth	1380	43	gindim	2	
GUWOT	gve	tooth	1380	43	niaun	9	
DUWET	gve	tooth	1380	43	niaum	9	
MUSOM	msu	tooth	1380	43	gidim	2	
SUKURUM	zsu	tooth	1380	43	nifuan	1	
SIRASIRA	zsa	tooth	1380	43	nifun	1	
MARALANGO	mcy	tooth	1380	43	Ngando7	2	
WAMPUR	waz	tooth	1380	43	nihu77uru7uan	1	
MARI	hob	tooth	1380	43	nihuan	1	
ONANK	una	tooth	1380	43	nEho7	1	
YAROS	adz	tooth	1380	43	nifu uruon	1	
AMARI	adz	tooth	1380	43	nifu	1	
LABU	lbu	tooth	1380	43	nahe	3	
BUKAUA	buk	tooth	1380	43	ohoN	4	
KELA	kcl	tooth	1380	43	7oh	4	
KAIWA	kbm	tooth	1380	43	nipo	1	
SIPOMA	sij	tooth	1380	43	niwo	1	
HOTE	hot	tooth	1380	43	pENbulik kalalaN	5	
YAMAP	ymp	tooth	1380	43	yabuEN	6	
JABEM	jae	tooth	1380	43	loluN	7	
TAMI	tmy	tooth	1380	43	nonpu7	1	
MALASANGA	mqz	tooth	1380	43	nduNana	10	
GITUA	ggt	tooth	1380	43	auwa	11	
LUKEP	apr	tooth	1380	43	roana	12	
MANGAP	mna	tooth	1380	43	zoNono	10	
BARIM	bbv	tooth	1380	43	duNan	10	
MUTU	tuc	tooth	1380	43	libo7	1	
TUAM	tuc	tooth	1380	43	libo7	1	
SIO	xsi	tooth	1380	43	iNo	13	
NENGAYA	met	tooth	1380	43	woigwa	11	
ROINJI	roe	tooth	1380	43	doNamcua	10	
ARAWE	aaw	tooth	1380	43	kominono	14	
MALEU	mgl	tooth	1380	43	roNara	10	
NAKANAI	nak	tooth	1380	43	lalibola	1	
HALIA	hla	tooth	1380	43	lihonEn	1	
GEDAGED	gdd	tooth	1380	43	liwon	1	
WAGAU	bzh	tongue	1205	44	ndalEn	1	
MAPOS	bzh	tongue	1205	44	ndagEn	1	
MANGA	mmo	tongue	1205	44	ndaran	1	
PATEP	ptp	tongue	1205	44	Nget	2	
KUMARU	ksl	tongue	1205	44	NgEs	2	
ZENAG	zeg	tongue	1205	44	Nget	2	
TOWANGARA	goc	tongue	1205	44	gep	3	
SAMBIO	tbx	tongue	1205	44	Ngas	2	
DAMBI	dac	tongue	1205	44	Nges	2	
PIU	pix	tongue	1205	44	namEN	4	
BUASI	val	tongue	1205	44	nd3rEn	1	
LATEP	zeg	tongue	1205	44	NgEt	2	
DUNGUNTUNG	mpl	tongue	1205	44	ma	5	
DANGAL	mcy	tongue	1205	44	Nkas	2	
SILISILI	mpl	tongue	1205	44	ma	5	
BUBWAF	mpl	tongue	1205	44	ma7	5	
DAGIN	lbq	tongue	1205	44	mat	5	
AZERA	adz	tongue	1205	44	man	5	
WAMPAR	lbq	tongue	1205	44	man	5	
SIRAK	srf	tongue	1205	44	mo	5	
GUWOT	gve	tongue	1205	44	man	5	
DUWET	gve	tongue	1205	44	man	5	
MUSOM	msu	tongue	1205	44	man	5	
SUKURUM	zsu	tongue	1205	44	lakalat	15	
SIRASIRA	zsa	tongue	1205	44	man	5	
MARALANGO	mcy	tongue	1205	44	Ngas	2	
WAMPUR	waz	tongue	1205	44	man	5	
MARI	hob	tongue	1205	44	man	5	
ONANK	una	tongue	1205	44	mo7	5	
YAROS	adz	tongue	1205	44	man	5	
AMARI	adz	tongue	1205	44	man	5	
LABU	lbu	tongue	1205	44	mandi	5	
BUKAUA	buk	tongue	1205	44	emblam	6	
KELA	kcl	tongue	1205	44	mamala	7	
KAIWA	kbm	tongue	1205	44	amble	6	
SIPOMA	sij	tongue	1205	44	amara	7	
HOTE	hot	tongue	1205	44	di5aN	8	
YAMAP	ymp	tongue	1205	44	yadiNaN	8	
JABEM	jae	tongue	1205	44	imbela	6	
TAMI	tmy	tongue	1205	44	kawaniamal	12	
MALASANGA	mqz	tongue	1205	44	mena	10	
GITUA	ggt	tongue	1205	44	yama	11	
LUKEP	apr	tongue	1205	44	mEnE	10	
MANGAP	mna	tongue	1205	44	maene	10	
BARIM	bbv	tongue	1205	44	mEn	10	
MUTU	tuc	tongue	1205	44	yama7	11	
TUAM	tuc	tongue	1205	44	yama	11	
SIO	xsi	tongue	1205	44	mEmela	13	
NENGAYA	met	tongue	1205	44	managwa	5	
ROINJI	roe	tongue	1205	44	monema	5	
ARAWE	aaw	tongue	1205	44	mamalo	13	
MALEU	mgl	tongue	1205	44	maiy3	14	
NAKANAI	nak	tongue	1205	44	lakalamEala	15	
HALIA	hla	tongue	1205	44	mEanEn	10	
GEDAGED	gdd	tongue	1205	44	balen	6	
WAGAU	bzh	person (man)	683	18	malux	1	"""man"""
MAPOS	bzh	person (man)	683	18	malux	1	"""man"""
MANGA	mmo	person (man)	683	18	mow	2	"""man"""
PATEP	ptp	person (man)	683	18	bux	3	"""man"""
KUMARU	ksl	person (man)	683	18	maux	1	"""man"""
ZENAG	zeg	person (man)	683	18	bux	3	"""man"""
TOWANGARA	goc	person (man)	683	18	ma	2	"""man"""
SAMBIO	tbx	person (man)	683	18	mau	2	"""man"""
DAMBI	dac	person (man)	683	18	maux	1	"""man"""
PIU	pix	person (man)	683	18	mug	1	"""man"""
BUASI	val	person (man)	683	18	mog	1	"""man"""
LATEP	zeg	person (man)	683	18	t3mbEy	9	"""man"""
DUNGUNTUNG	mpl	person (man)	683	18	maro7	5	"""man"""
DANGAL	mcy	person (man)	683	18	amaru	5	"""man"""
SILISILI	mpl	person (man)	683	18	Namaro	5	"""man"""
BUBWAF	mpl	person (man)	683	18	Narumuku	22	"""man"""
DAGIN	lbq	person (man)	683	18	yair	6	"""man"""
AZERA	adz	person (man)	683	18	garam	13	"""man"""
WAMPAR	lbq	person (man)	683	18	Nain	8	"""man"""
SIRAK	srf	person (man)	683	18	alom	13	"""man"""
GUWOT	gve	person (man)	683	18	ut	15	"""man"""
DUWET	gve	person (man)	683	18	ut	15	"""man"""
MUSOM	msu	person (man)	683	18	arom	13	"""man"""
SUKURUM	zsu	person (man)	683	18	NalaNgal	25	"""man"""
SIRASIRA	zsa	person (man)	683	18	garaNgat	13	"""man"""
MARALANGO	mcy	person (man)	683	18	Na maro7	5	"""man"""
WAMPUR	waz	person (man)	683	18	garam	13	"""man"""
MARI	hob	person (man)	683	18	garam	13	"""man"""
ONANK	una	person (man)	683	18	Namaru7	5	"""man"""
YAROS	adz	person (man)	683	18	garam	13	"""man"""
AMARI	adz	person (man)	683	18	garam	13	"""man"""
LABU	lbu	person (man)	683	18	7amina	7	"""man"""
BUKAUA	buk	person (man)	683	18	Nga7	8	"""man"""
KELA	kcl	person (man)	683	18	tambu	9	"""man"""
KAIWA	kbm	person (man)	683	18	7a7mor	10	"""man"""
SIPOMA	sij	person (man)	683	18	kore	11	"""man"""
HOTE	hot	person (man)	683	18	7aNo	12	"""man"""
YAMAP	ymp	person (man)	683	18	a5o	12	"""man"""
JABEM	jae	person (man)	683	18	Na7	13	"""man"""
TAMI	tmy	person (man)	683	18	tamala	16	"""man"""
MALASANGA	mqz	person (man)	683	18	kurap	17	"""man"""
GITUA	ggt	person (man)	683	18	Nero	18	"""man"""
LUKEP	apr	person (man)	683	18	tomoto	16	"""man"""
MANGAP	mna	person (man)	683	18	tomoto	16	"""man"""
BARIM	bbv	person (man)	683	18	kurap tamut	16	"""man"""
MUTU	tuc	person (man)	683	18	tamox	16	"""man"""
TUAM	tuc	person (man)	683	18	tamtamon	16	"""man"""
SIO	xsi	person (man)	683	18	tamone	16	"""man"""
NENGAYA	met	person (man)	683	18	lipu	25	"""man"""
ROINJI	roe	person (man)	683	18	nimu	26	"""man"""
ARAWE	aaw	person (man)	683	18	tatogu	4	"""man"""
MALEU	mgl	person (man)	683	18	nat3mt3mau	16	"""man"""
NAKANAI	nak	person (man)	683	18	malE	5	"""man"""
HALIA	hla	person (man)	683	18	Co3n	19	"""man"""
GEDAGED	gdd	person (man)	683	18	tamol	16	"""man"""
WAGAU	bzh	knee	1371	47	lus	1	
MAPOS	bzh	knee	1371	47	lus	1	
MANGA	mmo	knee	1371	47	baxa katu	2	
PATEP	ptp	knee	1371	47	baxa kotu	2	
KUMARU	ksl	knee	1371	47	baxa kotu	2	
ZENAG	zeg	knee	1371	47	baxaNk k3tu	2	
TOWANGARA	goc	knee	1371	47	ba kotu	2	
SAMBIO	tbx	knee	1371	47	baxa katu	2	
DAMBI	dac	knee	1371	47	baxa katu	2	
PIU	pix	knee	1371	47	baxa kato	2	
BUASI	val	knee	1371	47	baxam kandu	2	
LATEP	zeg	knee	1371	47	bogokotu	2	
DUNGUNTUNG	mpl	knee	1371	47	gogolo7	3	
DANGAL	mcy	knee	1371	47	faNkwatoN	2	
SILISILI	mpl	knee	1371	47	gogoro	3	
BUBWAF	mpl	knee	1371	47	gogoro	3	
DAGIN	lbq	knee	1371	47	foud donon	5	
AZERA	adz	knee	1371	47	faga guzun	8	
WAMPAR	lbq	knee	1371	47	ononantut	9	
SIRAK	srf	knee	1371	47	anoN	13	
GUWOT	gve	knee	1371	47	ambindois	12	
DUWET	gve	knee	1371	47	ombindais	12	
MUSOM	msu	knee	1371	47	hoNgunoN	13	
SUKURUM	zsu	knee	1371	47	f3l3Nkuw3t	27	
SIRASIRA	zsa	knee	1371	47	fakuat	2	
MARALANGO	mcy	knee	1371	47	gogoro7	3	
WAMPUR	waz	knee	1371	47	ruguntuN	26	
MARI	hob	knee	1371	47	hogonugun	26	
ONANK	una	knee	1371	47	haganugun	26	
YAROS	adz	knee	1371	47	faga gucun	8	
AMARI	adz	knee	1371	47	gusuntuN	8	
LABU	lbu	knee	1371	47	hatu	7	
BUKAUA	buk	knee	1371	47	ahintu	7	
KELA	kcl	knee	1371	47	ne nubu	6	
KAIWA	kbm	knee	1371	47	pandubi	6	
SIPOMA	sij	knee	1371	47	aeduga	7	
HOTE	hot	knee	1371	47	pENbudum	19	
YAMAP	ymp	knee	1371	47	yabEm gudun	8	
JABEM	jae	knee	1371	47	adu7	8	
TAMI	tmy	knee	1371	47	kinapa7	14	
MALASANGA	mqz	knee	1371	47	kainataruna	15	
GITUA	ggt	knee	1371	47	papatu	7	
LUKEP	apr	knee	1371	47	turum	15	
MANGAP	mna	knee	1371	47	kubulubukunu	16	
BARIM	bbv	knee	1371	47	kain burian	17	
MUTU	tuc	knee	1371	47	agE7daba7	18	
TUAM	tuc	knee	1371	47	agendaba	18	
SIO	xsi	knee	1371	47	tuku	1	
NENGAYA	met	knee	1371	47	kigutu7uno	1	
ROINJI	roe	knee	1371	47	kEmtamboNa	18	
ARAWE	aaw	knee	1371	47	oi3mgakum	11	
MALEU	mgl	knee	1371	47	narubw3	19	
NAKANAI	nak	knee	1371	47	latutula	20	
HALIA	hla	knee	1371	47	tukununumou	1	
GEDAGED	gdd	knee	1371	47	dagun	28	
WAGAU	bzh	hand	1277	48	oroh	1	
MAPOS	bzh	hand	1277	48	n3ma	2	
MANGA	mmo	hand	1277	48	nama	2	
PATEP	ptp	hand	1277	48	b3Nge	3	
KUMARU	ksl	hand	1277	48	n3ma	2	
ZENAG	zeg	hand	1277	48	n3maNk	2	
TOWANGARA	goc	hand	1277	48	bENgi	3	
SAMBIO	tbx	hand	1277	48	mEma	2	
DAMBI	dac	hand	1277	48	n3ma	2	
PIU	pix	hand	1277	48	baNgi	3	
BUASI	val	hand	1277	48	n3ma	2	
LATEP	zeg	hand	1277	48	n3mam	2	
DUNGUNTUNG	mpl	hand	1277	48	baNkim	3	
DANGAL	mcy	hand	1277	48	baNkiNk	3	
SILISILI	mpl	hand	1277	48	baNki	3	
BUBWAF	mpl	hand	1277	48	bENki	3	
DAGIN	lbq	hand	1277	48	baNid	3	
AZERA	adz	hand	1277	48	baNin	3	
WAMPAR	lbq	hand	1277	48	boNEn	3	
SIRAK	srf	hand	1277	48	baEn	5	
GUWOT	gve	hand	1277	48	limain	2	
DUWET	gve	hand	1277	48	dimian	2	
MUSOM	msu	hand	1277	48	boin	5	
SUKURUM	zsu	hand	1277	48	baNgiEn	3	
SIRASIRA	zsa	hand	1277	48	baNgiEn	3	
MARALANGO	mcy	hand	1277	48	baNge	3	
WAMPUR	waz	hand	1277	48	ba7ian	3	
MARI	hob	hand	1277	48	baNkian	3	
ONANK	una	hand	1277	48	baNkE7	3	
YAROS	adz	hand	1277	48	banian	3	
AMARI	adz	hand	1277	48	baNin	3	
LABU	lbu	hand	1277	48	namah	3	
BUKAUA	buk	hand	1277	48	lamaN	2	
KELA	kcl	hand	1277	48	maNge	3	
KAIWA	kbm	hand	1277	48	bage	3	
SIPOMA	sij	hand	1277	48	nima	2	
HOTE	hot	hand	1277	48	bahEN	3	
YAMAP	ymp	hand	1277	48	yambagEN	3	
JABEM	jae	hand	1277	48	lema	2	
TAMI	tmy	hand	1277	48	neman	2	
MALASANGA	mqz	hand	1277	48	bagena	3	
GITUA	ggt	hand	1277	48	nima	2	
LUKEP	apr	hand	1277	48	lomana	2	
MANGAP	mna	hand	1277	48	namana	2	
BARIM	bbv	hand	1277	48	bagin	3	
MUTU	tuc	hand	1277	48	limom	2	
TUAM	tuc	hand	1277	48	nima	2	
SIO	xsi	hand	1277	48	bao	6	
NENGAYA	met	hand	1277	48	dimagwa	2	
ROINJI	roe	hand	1277	48	limamcua	2	
ARAWE	aaw	hand	1277	48	imE7	7	
MALEU	mgl	hand	1277	48	bagia	3	
NAKANAI	nak	hand	1277	48	lalimala	2	
HALIA	hla	hand	1277	48	alimanEn	2	
GEDAGED	gdd	hand	1277	48	niman	2	
WAGAU	bzh	breast	1402	51	baus	1	
MAPOS	bzh	breast	1402	51	rur	2	
MANGA	mmo	breast	1402	51	narusum	3	
PATEP	ptp	breast	1402	51	rur	2	
KUMARU	ksl	breast	1402	51	rur	2	
ZENAG	zeg	breast	1402	51	lul	2	
TOWANGARA	goc	breast	1402	51	lul	2	
SAMBIO	tbx	breast	1402	51	lul	2	
DAMBI	dac	breast	1402	51	lul	2	
PIU	pix	breast	1402	51	lul	2	
BUASI	val	breast	1402	51	sum	3	
LATEP	zeg	breast	1402	51	lol	2	
DUNGUNTUNG	mpl	breast	1402	51	sEso7	3	
DANGAL	mcy	breast	1402	51	sus	3	
SILISILI	mpl	breast	1402	51	sEso	3	
BUBWAF	mpl	breast	1402	51	soso7	3	
DAGIN	lbq	breast	1402	51	sEson	3	
AZERA	adz	breast	1402	51	sisun	3	
WAMPAR	lbq	breast	1402	51	sEson	3	
SIRAK	srf	breast	1402	51	sus	3	
GUWOT	gve	breast	1402	51	seis	3	
DUWET	gve	breast	1402	51	sisoin	3	
MUSOM	msu	breast	1402	51	sesun	3	
SUKURUM	zsu	breast	1402	51	tut	8	
SIRASIRA	zsa	breast	1402	51	tut	8	
MARALANGO	mcy	breast	1402	51	sos	3	
WAMPUR	waz	breast	1402	51	tot	8	
MARI	hob	breast	1402	51	tut	8	
ONANK	una	breast	1402	51	sisu7	3	
YAROS	adz	breast	1402	51	sisun	3	
AMARI	adz	breast	1402	51	sisun	3	
LABU	lbu	breast	1402	51	suh	3	
BUKAUA	buk	breast	1402	51	suh	3	
KELA	kcl	breast	1402	51	sokwa	4	
KAIWA	kbm	breast	1402	51	ruru	2	
SIPOMA	sij	breast	1402	51	susu	3	
HOTE	hot	breast	1402	51	sum	3	
YAMAP	ymp	breast	1402	51	sum	3	
JABEM	jae	breast	1402	51	su	3	
TAMI	tmy	breast	1402	51	sut	3	
MALASANGA	mqz	breast	1402	51	suina	3	
GITUA	ggt	breast	1402	51	tuzu	3	
LUKEP	apr	breast	1402	51	sui	3	
MANGAP	mna	breast	1402	51	zuzunu	3	
BARIM	bbv	breast	1402	51	suin	3	
MUTU	tuc	breast	1402	51	tuzu7	3	
TUAM	tuc	breast	1402	51	tuz	3	
SIO	xsi	breast	1402	51	su	3	
NENGAYA	met	breast	1402	51	su	3	
ROINJI	roe	breast	1402	51	suzindua	3	
ARAWE	aaw	breast	1402	51	mENE7	6	
MALEU	mgl	breast	1402	51	sua	3	
NAKANAI	nak	breast	1402	51	lasusu	3	
HALIA	hla	breast	1402	51	asusnEn	3	
GEDAGED	gdd	breast	1402	51	su	3	
WAGAU	bzh	liver	1224	53	ate	1	
MAPOS	bzh	liver	1224	53	ate	1	
MANGA	mmo	liver	1224	53	te	1	
PATEP	ptp	liver	1224	53	logowa	2	
KUMARU	ksl	liver	1224	53	wambimb	3	
ZENAG	zeg	liver	1224	53	buwa	4	
TOWANGARA	goc	liver	1224	53	l3wa	4	
SAMBIO	tbx	liver	1224	53	te	1	
DAMBI	dac	liver	1224	53	wambimb	3	
PIU	pix	liver	1224	53	bokwanum	5	
BUASI	val	liver	1224	53	masi	6	
LATEP	zeg	liver	1224	53	pieyo7	22	
DUNGUNTUNG	mpl	liver	1224	53	nui7	4	
DANGAL	mcy	liver	1224	53	nuwa	4	
SILISILI	mpl	liver	1224	53	nuwi7	4	
BUBWAF	mpl	liver	1224	53	nuo7	4	
DAGIN	lbq	liver	1224	53	nun	7	
AZERA	adz	liver	1224	53	nugun iran	20	
WAMPAR	lbq	liver	1224	53	nun	7	
SIRAK	srf	liver	1224	53	niukundupun	20	
GUWOT	gve	liver	1224	53	logilua	14	
DUWET	gve	liver	1224	53	newundaN	4	
MUSOM	msu	liver	1224	53	lain	16	
SUKURUM	zsu	liver	1224	53	fiyan	27	
SIRASIRA	zsa	liver	1224	53	NaNaEn	26	
WAMPUR	waz	liver	1224	53	nuguan	20	
MARI	hob	liver	1224	53	nugwan	20	
ONANK	una	liver	1224	53	nuwo7	28	
YAROS	adz	liver	1224	53	nugu bucuwan	29	
AMARI	adz	liver	1224	53	nugubucun	1	
LABU	lbu	liver	1224	53	7anati	7	
BUKAUA	buk	liver	1224	53	Nata7	8	
KELA	kcl	liver	1224	53	yuraku	9	
KAIWA	kbm	liver	1224	53	Subwe	10	
SIPOMA	sij	liver	1224	53	ate	1	
HOTE	hot	liver	1224	53	kapoloN	11	
YAMAP	ymp	liver	1224	53	kapo	11	
JABEM	jae	liver	1224	53	Nate mayaN	1	
TAMI	tmy	liver	1224	53	kakat	13	
MALASANGA	mqz	liver	1224	53	katena	13	
GITUA	ggt	liver	1224	53	kondoro	21	
LUKEP	apr	liver	1224	53	kataki	13	
MANGAP	mna	liver	1224	53	kopotpot	19	
MUTU	tuc	liver	1224	53	atEm	1	
TUAM	tuc	liver	1224	53	ati	1	
NENGAYA	met	liver	1224	53	wotiguyi	1	
ROINJI	roe	liver	1224	53	kate	1	
ARAWE	aaw	liver	1224	53	kata	13	
MALEU	mgl	liver	1224	53	atatia	1	
NAKANAI	nak	liver	1224	53	hatEla	1	
HALIA	hla	liver	1224	53	kimkimu3snEn	23	
GEDAGED	gdd	liver	1224	53	aten	1	
WAGAU	bzh	drink	1401	54	num	1	
MAPOS	bzh	drink	1401	54	num	1	
MANGA	mmo	drink	1401	54	nanum	1	
PATEP	ptp	drink	1401	54	inum	1	
KUMARU	ksl	drink	1401	54	inum	1	
ZENAG	zeg	drink	1401	54	num	1	
TOWANGARA	goc	drink	1401	54	onum	1	
SAMBIO	tbx	drink	1401	54	enum	1	
DAMBI	dac	drink	1401	54	num	1	
PIU	pix	drink	1401	54	anom	1	
BUASI	val	drink	1401	54	num	1	
LATEP	zeg	drink	1401	54	nom	1	
DUNGUNTUNG	mpl	drink	1401	54	elom	1	
DANGAL	mcy	drink	1401	54	lamanumumpu7	1	
SILISILI	mpl	drink	1401	54	lEnom	1	
BUBWAF	mpl	drink	1401	54	nEnom	1	
DAGIN	lbq	drink	1401	54	enom	1	
AZERA	adz	drink	1401	54	inum	1	
MARALANGO	mcy	drink	1401	54	enum	1	
WAMPUR	waz	drink	1401	54	iginum	1	
MARI	hob	drink	1401	54	wonum	1	
ONANK	una	drink	1401	54	unum	1	
YAROS	adz	drink	1401	54	ginum	1	
AMARI	adz	drink	1401	54	inum	1	
LABU	lbu	drink	1401	54	iniNonu	2	
BUKAUA	buk	drink	1401	54	num	1	
KELA	kcl	drink	1401	54	7agumu	3	
KAIWA	kbm	drink	1401	54	eNgunum	1	
SIPOMA	sij	drink	1401	54	inumo	1	
HOTE	hot	drink	1401	54	hanum	1	
YAMAP	ymp	drink	1401	54	hEinum	1	
JABEM	jae	drink	1401	54	nom	1	
ARAWE	aaw	drink	1401	54	aiNu	5	
MALEU	mgl	drink	1401	54	in	1	
NAKANAI	nak	drink	1401	54	liu	6	
HALIA	hla	drink	1401	54	Ewana	7	
GEDAGED	gdd	drink	1401	54	imili	12	
WAGAU	bzh	you (thou)	1213	2	oN	1	
MAPOS	bzh	you (thou)	1213	2	xoN	1	
MANGA	mmo	you (thou)	1213	2	xoN	1	
PATEP	ptp	you (thou)	1213	2	oN	1	
KUMARU	ksl	you (thou)	1213	2	oN	1	
ZENAG	zeg	you (thou)	1213	2	oN	1	
TOWANGARA	goc	you (thou)	1213	2	o	1	
SAMBIO	tbx	you (thou)	1213	2	uwaN	1	
DAMBI	dac	you (thou)	1213	2	oN	1	
PIU	pix	you (thou)	1213	2	boN	1	
BUASI	val	you (thou)	1213	2	goN	1	
LATEP	zeg	you (thou)	1213	2	oN	1	
DUNGUNTUNG	mpl	you (thou)	1213	2	kugu	2	
DANGAL	mcy	you (thou)	1213	2	cE7	3	
SILISILI	mpl	you (thou)	1213	2	kh~ugu	2	
BUBWAF	mpl	you (thou)	1213	2	kugu	2	
DAGIN	lbq	you (thou)	1213	2	yey	4	
AZERA	adz	you (thou)	1213	2	agu	2	
WAMPAR	lbq	you (thou)	1213	2	yei7	4	
SIRAK	srf	you (thou)	1213	2	yiN	8	
GUWOT	gve	you (thou)	1213	2	au	5	
DUWET	gve	you (thou)	1213	2	au7	5	
MUSOM	msu	you (thou)	1213	2	iNk	8	
SUKURUM	zsu	you (thou)	1213	2	aNo	1	
SIRASIRA	zsa	you (thou)	1213	2	agu	2	
MARALANGO	mcy	you (thou)	1213	2	kugu	2	
WAMPUR	waz	you (thou)	1213	2	agua	2	
MARI	hob	you (thou)	1213	2	aguwo	2	
ONANK	una	you (thou)	1213	2	ogo7	1	
YAROS	adz	you (thou)	1213	2	agu	2	
AMARI	adz	you (thou)	1213	2	agu	2	
LABU	lbu	you (thou)	1213	2	yei	4	
BUKAUA	buk	you (thou)	1213	2	aum	5	
KELA	kcl	you (thou)	1213	2	koi	6	
KAIWA	kbm	you (thou)	1213	2	miye	4	
SIPOMA	sij	you (thou)	1213	2	aiya	4	
HOTE	hot	you (thou)	1213	2	7oh	1	
YAMAP	ymp	you (thou)	1213	2	oN	1	
JABEM	jae	you (thou)	1213	2	aom	5	
TAMI	tmy	you (thou)	1213	2	kom	5	
MALASANGA	mqz	you (thou)	1213	2	oN	1	
GITUA	ggt	you (thou)	1213	2	yum	9	
LUKEP	apr	you (thou)	1213	2	oN	1	
MANGAP	mna	you (thou)	1213	2	Nu	10	
BARIM	bbv	you (thou)	1213	2	oN	1	
MUTU	tuc	you (thou)	1213	2	yom	9	
TUAM	tuc	you (thou)	1213	2	yo7	11	
SIO	xsi	you (thou)	1213	2	noko	12	
NENGAYA	met	you (thou)	1213	2	uNba	1	
ROINJI	roe	you (thou)	1213	2	uN	1	
ARAWE	aaw	you (thou)	1213	2	you	11	
MALEU	mgl	you (thou)	1213	2	iyau	11	
NAKANAI	nak	you (thou)	1213	2	EmE	13	
HALIA	hla	you (thou)	1213	2	alo	14	
GEDAGED	gdd	you (thou)	1213	2	o	1	
WAGAU	bzh	see	1409	57	ule	1	
MAPOS	bzh	see	1409	57	le	1	
MANGA	mmo	see	1409	57	nayi	1	
PATEP	ptp	see	1409	57	iye	1	
KUMARU	ksl	see	1409	57	ye	1	
ZENAG	zeg	see	1409	57	yih	1	
TOWANGARA	goc	see	1409	57	wi	1	
SAMBIO	tbx	see	1409	57	ye	1	
DAMBI	dac	see	1409	57	naNgwEh	2	
PIU	pix	see	1409	57	abi	3	
BUASI	val	see	1409	57	niyEh	1	
LATEP	zeg	see	1409	57	yi	1	
DUNGUNTUNG	mpl	see	1409	57	uli	1	
DANGAL	mcy	see	1409	57	wudi7	1	
SILISILI	mpl	see	1409	57	uli7	1	
BUBWAF	mpl	see	1409	57	li7iditio	1	
DAGIN	lbq	see	1409	57	etau	4	
AZERA	adz	see	1409	57	icaNan	16	
WAMPAR	lbq	see	1409	57	etao	4	
SIRAK	srf	see	1409	57	yiwEnwi	8	
GUWOT	gve	see	1409	57	kwouN	9	
DUWET	gve	see	1409	57	kwanuN	9	
MUSOM	msu	see	1409	57	rikik	10	
SUKURUM	zsu	see	1409	57	wagolisi	27	
SIRASIRA	zsa	see	1409	57	warago	26	
MARALANGO	mcy	see	1409	57	ibiri	1	
WAMPUR	waz	see	1409	57	gina7e	2	
MARI	hob	see	1409	57	wararap	26	
ONANK	una	see	1409	57	warE7	26	
YAROS	adz	see	1409	57	gicaNan	27	
AMARI	adz	see	1409	57	icayan	16	
LABU	lbu	see	1409	57	dumara	5	
BUKAUA	buk	see	1409	57	g3li	1	
KELA	kcl	see	1409	57	oNgu	6	
KAIWA	kbm	see	1409	57	eNgili	1	
SIPOMA	sij	see	1409	57	iyoNgo	6	
HOTE	hot	see	1409	57	hayE	1	
YAMAP	ymp	see	1409	57	giyE	1	
JABEM	jae	see	1409	57	tali7	1	
TAMI	tmy	see	1409	57	wayau	11	
MALASANGA	mqz	see	1409	57	iwotao	4	
GITUA	ggt	see	1409	57	ela	12	
LUKEP	apr	see	1409	57	ikamada	5	
MANGAP	mna	see	1409	57	ireyo	1	
BARIM	bbv	see	1409	57	igot	13	
MUTU	tuc	see	1409	57	igitagau	14	
TUAM	tuc	see	1409	57	igita	14	
SIO	xsi	see	1409	57	moranalo	15	
NENGAYA	met	see	1409	57	boguna	24	
ROINJI	roe	see	1409	57	mamalaNa	25	
ARAWE	aaw	see	1409	57	waimagismi7	17	
MALEU	mgl	see	1409	57	ileye	1	
NAKANAI	nak	see	1409	57	hiloa	1	
HALIA	hla	see	1409	57	tarana	18	
GEDAGED	gdd	see	1409	57	nasi	28	
WAGAU	bzh	hear	1408	58	No	1	
MAPOS	bzh	hear	1408	58	No	1	
MANGA	mmo	hear	1408	58	xaNo	1	
PATEP	ptp	hear	1408	58	iNo	1	
KUMARU	ksl	hear	1408	58	iNo	1	
ZENAG	zeg	hear	1408	58	No	1	
TOWANGARA	goc	hear	1408	58	oNo	1	
SAMBIO	tbx	hear	1408	58	eNo	1	
DAMBI	dac	hear	1408	58	No	1	
PIU	pix	hear	1408	58	aNo	1	
BUASI	val	hear	1408	58	raNo	1	
LATEP	zeg	hear	1408	58	No	1	
DUNGUNTUNG	mpl	hear	1408	58	idiNgu	1	
DANGAL	mcy	hear	1408	58	lamaru	3	
SILISILI	mpl	hear	1408	58	liliNu	1	
BUBWAF	mpl	hear	1408	58	ladiNu	1	
DAGIN	lbq	hear	1408	58	iruNum	1	
AZERA	adz	hear	1408	58	iriNant	5	
MARALANGO	mcy	hear	1408	58	ruNo	1	
WAMPUR	waz	hear	1408	58	ginaNuat	1	
MARI	hob	hear	1408	58	agugaioNuwa	1	
ONANK	una	hear	1408	58	reNo7	1	
YAROS	adz	hear	1408	58	giriNant	1	
AMARI	adz	hear	1408	58	iriNant inan	1	
LABU	lbu	hear	1408	58	inilindi	2	
BUKAUA	buk	hear	1408	58	Nguh	1	
KELA	kcl	hear	1408	58	aikitawaNgu	1	
KAIWA	kbm	hear	1408	58	eNgible	4	
SIPOMA	sij	hear	1408	58	iloNone	1	
HOTE	hot	hear	1408	58	halaNo	1	
YAMAP	ymp	hear	1408	58	hElaNu	1	
JABEM	jae	hear	1408	58	No	1	
ARAWE	aaw	hear	1408	58	agoloN	7	
MALEU	mgl	hear	1408	58	uloNo	1	
NAKANAI	nak	hear	1408	58	loloa	8	
HALIA	hla	hear	1408	58	EhENona	1	
GEDAGED	gdd	hear	1408	58	iloN	1	
WAGAU	bzh	full	1429	95	pup	1	
MAPOS	bzh	full	1429	95	pup	1	
MANGA	mmo	full	1429	95	pup	1	
PATEP	ptp	full	1429	95	pup	1	
KUMARU	ksl	full	1429	95	pupiN	1	
ZENAG	zeg	full	1429	95	pup3lE7	1	
TOWANGARA	goc	full	1429	95	pup	1	
SAMBIO	tbx	full	1429	95	pup	1	
DAMBI	dac	full	1429	95	pup	1	
PIU	pix	full	1429	95	asup	2	
BUASI	val	full	1429	95	bE	3	
LATEP	zeg	full	1429	95	pup	1	
DUNGUNTUNG	mpl	full	1429	95	yifuNk	4	
DANGAL	mcy	full	1429	95	yEfuruNk	4	
SILISILI	mpl	full	1429	95	lifuNk	4	
BUBWAF	mpl	full	1429	95	lifuNk	4	
DAGIN	lbq	full	1429	95	isum	5	
AZERA	adz	full	1429	95	ifu7	17	
WAMPAR	lbq	full	1429	95	isum	5	
SIRAK	srf	full	1429	95	Nifin	13	
GUWOT	gve	full	1429	95	yaunt	14	
DUWET	gve	full	1429	95	yaun	14	
MUSOM	msu	full	1429	95	hiNgEn	15	
SUKURUM	zsu	full	1429	95	ifuaN	17	
SIRASIRA	zsa	full	1429	95	afuaN	17	
MARALANGO	mcy	full	1429	95	ifuruNk	4	
WAMPUR	waz	full	1429	95	gikith~	29	
MARI	hob	full	1429	95	gihuwoNk	17	
ONANK	una	full	1429	95	omEpoN bag	17	
YAROS	adz	full	1429	95	fuN7	17	
AMARI	adz	full	1429	95	ifuN7isuf	17	
LABU	lbu	full	1429	95	mesoho	6	
BUKAUA	buk	full	1429	95	mENguhu	7	
KELA	kcl	full	1429	95	kui	8	
KAIWA	kbm	full	1429	95	gitupkigipil	9	
SIPOMA	sij	full	1429	95	isuni	5	
HOTE	hot	full	1429	95	haiyosiN	10	
YAMAP	ymp	full	1429	95	ibuta7diN	11	
JABEM	jae	full	1429	95	meNge7	7	
TAMI	tmy	full	1429	95	lamu	16	
MALASANGA	mqz	full	1429	95	kutuNge	9	
GITUA	ggt	full	1429	95	won	17	
LUKEP	apr	full	1429	95	ipon	17	
MANGAP	mna	full	1429	95	ipin	17	
BARIM	bbv	full	1429	95	kutuNwe	9	
MUTU	tuc	full	1429	95	iwon	17	
TUAM	tuc	full	1429	95	ibon	17	
SIO	xsi	full	1429	95	pipilo	18	
NENGAYA	met	full	1429	95	ba7agi	27	
ROINJI	roe	full	1429	95	uNmana	28	
ARAWE	aaw	full	1429	95	gogatilapo	19	
MALEU	mgl	full	1429	95	ipuN	17	
NAKANAI	nak	full	1429	95	blou	20	
HALIA	hla	full	1429	95	saputu	21	
GEDAGED	gdd	full	1429	95	fuam	17	
WAGAU	bzh	die	1494	61	ndik	1	
MAPOS	bzh	die	1494	61	ndik	1	
MANGA	mmo	die	1494	61	yimp	2	
PATEP	ptp	die	1494	61	yimp	2	
KUMARU	ksl	die	1494	61	mEr	3	
ZENAG	zeg	die	1494	61	nzimp	2	
TOWANGARA	goc	die	1494	61	yimbE	2	
SAMBIO	tbx	die	1494	61	mei	3	
DAMBI	dac	die	1494	61	mEl	3	
PIU	pix	die	1494	61	mel	3	
BUASI	val	die	1494	61	yimp	2	
LATEP	zeg	die	1494	61	njemp	2	
DUNGUNTUNG	mpl	die	1494	61	inisinema	4	
DANGAL	mcy	die	1494	61	mimar	4	
SILISILI	mpl	die	1494	61	liNisE nemar	4	
BUBWAF	mpl	die	1494	61	liNis mEma	4	
DAGIN	lbq	die	1494	61	Enabanemar	4	
AZERA	adz	die	1494	61	imamp	8	
WAMPAR	lbq	die	1494	61	emar	4	
SIRAK	srf	die	1494	61	gimbak	10	
GUWOT	gve	die	1494	61	miyEt	11	
DUWET	gve	die	1494	61	miEt	11	
MUSOM	msu	die	1494	61	gibak	10	
SUKURUM	zsu	die	1494	61	gimam	8	
SIRASIRA	zsa	die	1494	61	gamam	8	
MARALANGO	mcy	die	1494	61	imar	4	
WAMPUR	waz	die	1494	61	igimamamp	8	
MARI	hob	die	1494	61	gimomp	8	
ONANK	una	die	1494	61	mimar	4	
YAROS	adz	die	1494	61	gimamp	8	
AMARI	adz	die	1494	61	imamp	8	
LABU	lbu	die	1494	61	inimbanuma hanu	5	
BUKAUA	buk	die	1494	61	mba7ndu7	6	
KELA	kcl	die	1494	61	7agawEN	7	
KAIWA	kbm	die	1494	61	eNgimat	4	
SIPOMA	sij	die	1494	61	imande	4	
HOTE	hot	die	1494	61	hamah	4	
YAMAP	ymp	die	1494	61	hEma	4	
JABEM	jae	die	1494	61	ma7	4	
TAMI	tmy	die	1494	61	emat	4	
MALASANGA	mqz	die	1494	61	imate	4	
GITUA	ggt	die	1494	61	mate	4	
LUKEP	apr	die	1494	61	imat	4	
MANGAP	mna	die	1494	61	imedi	4	
BARIM	bbv	die	1494	61	imat	4	
MUTU	tuc	die	1494	61	imat	4	
TUAM	tuc	die	1494	61	imat	4	
SIO	xsi	die	1494	61	imote	4	
NENGAYA	met	die	1494	61	mati	4	
ROINJI	roe	die	1494	61	ma7ati	4	
ARAWE	aaw	die	1494	61	maku	4	
MALEU	mgl	die	1494	61	mate	4	
NAKANAI	nak	die	1494	61	pEho	12	
HALIA	hla	die	1494	61	EmatE	4	
GEDAGED	gdd	die	1494	61	imat	4	
WAGAU	bzh	road (path)	667	85	axauta	1	
MAPOS	bzh	road (path)	667	85	agata	1	
MANGA	mmo	road (path)	667	85	mop	2	
PATEP	ptp	road (path)	667	85	mop	2	
KUMARU	ksl	road (path)	667	85	mop	2	
ZENAG	zeg	road (path)	667	85	muph~	2	
TOWANGARA	goc	road (path)	667	85	mup	2	
SAMBIO	tbx	road (path)	667	85	sakwaiN	3	
DAMBI	dac	road (path)	667	85	mop3ta	2	
PIU	pix	road (path)	667	85	wu	4	
BUASI	val	road (path)	667	85	ragan	5	
LATEP	zeg	road (path)	667	85	mup	2	
DUNGUNTUNG	mpl	road (path)	667	85	NaNku	7	
DANGAL	mcy	road (path)	667	85	mocu	6	
SILISILI	mpl	road (path)	667	85	NaNku	7	
BUBWAF	mpl	road (path)	667	85	nokwu	7	
DAGIN	lbq	road (path)	667	85	muji	6	
AZERA	adz	road (path)	667	85	sanab	13	
WAMPAR	lbq	road (path)	667	85	moaji	6	
SIRAK	srf	road (path)	667	85	mi	16	
GUWOT	gve	road (path)	667	85	lau	17	
DUWET	gve	road (path)	667	85	logau	17	
MUSOM	msu	road (path)	667	85	mop	2	
SUKURUM	zsu	road (path)	667	85	s3m3p	2	
SIRASIRA	zsa	road (path)	667	85	kansit	31	
MARALANGO	mcy	road (path)	667	85	mwaco	6	
WAMPUR	waz	road (path)	667	85	macip	6	
MARI	hob	road (path)	667	85	naNkuburam	7	
ONANK	una	road (path)	667	85	naNk37	7	
YAROS	adz	road (path)	667	85	sanab	13	
AMARI	adz	road (path)	667	85	fagampun	33	
LABU	lbu	road (path)	667	85	isato	8	
BUKAUA	buk	road (path)	667	85	SiE	9	
KELA	kcl	road (path)	667	85	darawa	10	
KAIWA	kbm	road (path)	667	85	luEp	11	
SIPOMA	sij	road (path)	667	85	andorowa	10	
HOTE	hot	road (path)	667	85	loNindi	12	
YAMAP	ymp	road (path)	667	85	loNdan	12	
JABEM	jae	road (path)	667	85	intena	13	
TAMI	tmy	road (path)	667	85	kinakau	18	
MALASANGA	mqz	road (path)	667	85	dara	10	
GITUA	ggt	road (path)	667	85	istina	14	
LUKEP	apr	road (path)	667	85	dara	10	
MANGAP	mna	road (path)	667	85	zal	10	
BARIM	bbv	road (path)	667	85	dad	10	
MUTU	tuc	road (path)	667	85	atam	20	
TUAM	tuc	road (path)	667	85	ez	21	
SIO	xsi	road (path)	667	85	cola	10	
NENGAYA	met	road (path)	667	85	ca7aNa	29	
ROINJI	roe	road (path)	667	85	kalu	30	
ARAWE	aaw	road (path)	667	85	3sulo	19	
MALEU	mgl	road (path)	667	85	naroro	22	
NAKANAI	nak	road (path)	667	85	lagauru	17	
HALIA	hla	road (path)	667	85	maroro	22	
GEDAGED	gdd	road (path)	667	85	dal	10	
